;age;workclass;fnlwgt;education;education-num;marital-status;occupation;relationship;race;sex;capital-gain;capital-loss;hours-per-week;native-country;label;predict;euclidean;euclidean_medio;hamming;hamming_medio;cobertura_pct;erro_pct
0;49,0;Self-emp-not-inc;197248,84375;Bachelors;13,0;Married-civ-spouse;Exec-managerial;Unmarried;White;Male;0,0;0,0;50,0;United-States;<=50K;ok;2,33998441696167;2,933356206461787;3,0;3,77;100,0;0,0
1;25,0;Private;80220,0;12th;8,0;Married-civ-spouse;Prof-specialty;Husband;White;Male;5217,750000000001;0,0;40,0;United-States;<=50K;ok;1,7901544570922852;2,933356206461787;2,0;3,77;100,0;0,0
2;25,0;State-gov;56424,0;12th;8,0;Married-civ-spouse;Transport-moving;Not-in-family;Asian-Pac-Islander;Male;7802,437500000001;0,0;20,0;United-States;<=50K;ok;2,982055902481079;2,933356206461787;4,0;3,77;100,0;0,0
3;19,749999999999996;Private;165505,0;Some-college;10,0;Married-civ-spouse;Sales;Own-child;White;Female;7688,0;0,0;20,0;United-States;<=50K;ok;2,6939902305603027;2,933356206461787;3,0;3,77;100,0;0,0
4;35,0;Private;159043,46875;Some-college;13,0;Married-civ-spouse;Tech-support;Own-child;White;Male;0,0;0,0;40,0;United-States;<=50K;ok;3,2810680866241455;2,933356206461787;6,0;3,77;100,0;0,0
5;35,0;Private;210444,0;Some-college;13,0;Never-married;Prof-specialty;Own-child;White;Male;0,0;0,0;40,0;United-States;<=50K;ok;2,148488759994507;2,933356206461787;3,0;3,77;100,0;0,0
6;55,0;Private;203076,6875;HS-grad;9,0;Married-civ-spouse;Priv-house-serv;Not-in-family;White;Female;0,0;1887,0000000000002;40,5;United-States;<=50K;ok;4,748221397399902;2,933356206461787;6,0;3,77;100,0;0,0
7;35,0;Private;341643,0;Some-college;9,0;Married-civ-spouse;Machine-op-inspct;Husband;White;Male;0,0;1902,0;40,0;United-States;<=50K;ok;2,5917129516601562;2,933356206461787;2,0;3,77;100,0;0,0
8;19,0;Private;143713,4375;10th;6,0;Married-civ-spouse;Other-service;Other-relative;White;Female;8696,25;1902,0;30,0;United-States;<=50K;ok;3,899445056915283;2,933356206461787;4,0;3,77;100,0;0,0
9;33,0;Private;233275,0;Some-college;13,0;Never-married;Prof-specialty;Husband;White;Male;0,0;1887,0000000000002;40,9375;United-States;<=50K;ok;3,1235711574554443;2,933356206461787;5,0;3,77;100,0;0,0
10;31,0;Federal-gov;402089,0;Some-college;10,0;Divorced;Adm-clerical;Unmarried;White;Female;7298,0;0,0;40,0;United-States;<=50K;ok;2,4247593879699707;2,933356206461787;3,0;3,77;100,0;0,0
11;40,5625;Private;134902,4375;Some-college;13,0;Married-civ-spouse;Machine-op-inspct;Husband;White;Male;5715,75;0,0;50,0;United-States;<=50K;ok;1,3150469064712524;2,933356206461787;4,0;3,77;100,0;0,0
12;37,0;Private;198146,0;Some-college;7,0;Never-married;Sales;Husband;White;Female;7688,0;0,0;15,000000000000004;United-States;<=50K;ok;5,021765232086182;2,933356206461787;4,0;3,77;100,0;0,0
13;62,0;Self-emp-inc;71467,00000000001;Bachelors;4,0;Married-civ-spouse;Craft-repair;Husband;White;Male;0,0;0,0;55,0;United-States;<=50K;ok;3,826026201248169;2,933356206461787;2,0;3,77;100,0;0,0
14;54,875;Private;99954,8125;HS-grad;13,0;Married-civ-spouse;Prof-specialty;Wife;Asian-Pac-Islander;Female;0,0;1769,0625;35,0;United-States;<=50K;ok;4,252040863037109;2,933356206461787;7,0;3,77;100,0;0,0
15;61,40625;Private;28578,81250000003;7th-8th;9,0;Married-civ-spouse;Handlers-cleaners;Husband;White;Male;0,0;0,0;30,375;United-States;<=50K;ok;2,9954721927642822;2,933356206461787;4,0;3,77;100,0;0,0
16;55,0;Self-emp-inc;80573,46875;HS-grad;13,0;Divorced;Transport-moving;Husband;White;Male;0,0;0,0;60,0;United-States;<=50K;ok;2,2523181438446045;2,933356206461787;3,0;3,77;100,0;0,0
17;31,125;Federal-gov;204734,0;Assoc-voc;10,0;Married-civ-spouse;Tech-support;Wife;White;Male;0,0;0,0;40,0;United-States;<=50K;ok;3,021719455718994;2,933356206461787;4,0;3,77;100,0;0,0
18;66,0;Private;266860,0;Bachelors;13,0;Married-civ-spouse;Exec-managerial;Husband;White;Male;0,0;0,0;50,0;United-States;<=50K;ok;1,679810881614685;2,933356206461787;1,0;3,77;100,0;0,0
19;28,1875;State-gov;73392,00000000001;Prof-school;9,0;Married-civ-spouse;Handlers-cleaners;Own-child;Amer-Indian-Eskimo;Male;0,0;0,0;30,0;United-States;<=50K;ok;3,1663711071014404;2,933356206461787;4,0;3,77;100,0;0,0
20;39,0;Self-emp-not-inc;73471,0;Bachelors;14,0;Married-civ-spouse;Other-service;Husband;White;Male;5178,0;1573,0;44,6875;United-States;<=50K;ok;2,6357805728912354;2,933356206461787;4,0;3,77;100,0;0,0
21;30,4375;Private;92555,65625;Prof-school;10,0;Married-civ-spouse;Handlers-cleaners;Own-child;White;Male;0,0;0,0;40,0;United-States;<=50K;ok;1,6425678730010986;2,933356206461787;4,0;3,77;100,0;0,0
22;20,3125;Private;127185,0;Some-college;10,0;Married-civ-spouse;Prof-specialty;Own-child;White;Female;7537,250000000001;0,0;15,000000000000004;United-States;<=50K;ok;2,657254934310913;2,933356206461787;3,0;3,77;100,0;0,0
23;35,0;Private;37778,0;Bachelors;11,0;Married-civ-spouse;Craft-repair;Husband;White;Male;3103,0;0,0;51,875;United-States;<=50K;ok;1,4606611728668213;2,933356206461787;4,0;3,77;100,0;0,0
24;42,4375;Federal-gov;178074,0;10th;14,0;Married-civ-spouse;Adm-clerical;Husband;White;Female;0,0;1996,6874999999998;39,875;United-States;<=50K;ok;4,334559440612793;2,933356206461787;5,0;3,77;100,0;0,0
25;66,1875;Self-emp-inc;152102,0;Masters;13,0;Married-civ-spouse;Farming-fishing;Not-in-family;White;Male;0,0;159,93750000000003;65,0;United-States;<=50K;ok;3,527649164199829;2,933356206461787;6,0;3,77;100,0;0,0
26;28,875;Private;112671,5625;HS-grad;15,0;Divorced;Exec-managerial;Unmarried;White;Female;8696,25;0,0;45,0;United-States;<=50K;ok;3,5622358322143555;2,933356206461787;4,0;3,77;100,0;0,0
27;52,5625;Federal-gov;110490,0;Bachelors;13,0;Married-civ-spouse;Farming-fishing;Not-in-family;White;Female;0,0;0,0;70,0;United-States;<=50K;ok;2,683795213699341;2,933356206461787;4,0;3,77;100,0;0,0
28;17,0;Private;331552,0;12th;10,0;Married-civ-spouse;Adm-clerical;Own-child;Asian-Pac-Islander;Male;7298,0;0,0;30,0;United-States;<=50K;ok;4,753020763397217;2,933356206461787;5,0;3,77;100,0;0,0
29;19,0;Private;200790,0;Some-college;8,0;Married-civ-spouse;;Husband;White;Female;15023,999999999998;0,0;38,75;United-States;<=50K;ok;5,007482528686523;2,933356206461787;4,0;3,77;100,0;0,0
30;34,0;Federal-gov;112115,0;HS-grad;10,0;Never-married;Exec-managerial;Not-in-family;White;Male;0,0;1847,9999999999998;40,0;United-States;<=50K;ok;2,785400867462158;2,933356206461787;4,0;3,77;100,0;0,0
31;50,0;Federal-gov;183390,0;Some-college;13,0;Married-civ-spouse;Prof-specialty;Not-in-family;White;Male;0,0;0,0;40,0;United-States;<=50K;ok;2,798128128051758;2,933356206461787;2,0;3,77;100,0;0,0
32;24,0;Self-emp-not-inc;495946,34375;HS-grad;9,0;Married-civ-spouse;Prof-specialty;Husband;White;Male;6249,937500000001;176,5;50,0;United-States;<=50K;ok;2,5582997798919678;2,933356206461787;5,0;3,77;100,0;0,0
33;18,0;Private;231562,0;HS-grad;9,0;Married-civ-spouse;Machine-op-inspct;Husband;White;Male;7688,0;0,0;33,0;United-States;<=50K;ok;4,0525360107421875;2,933356206461787;5,0;3,77;100,0;0,0
34;54,0;Private;235786,0;Assoc-acdm;13,0;Married-civ-spouse;Craft-repair;Husband;White;Male;0,0;0,0;49,375;United-States;<=50K;ok;1,0485483407974243;2,933356206461787;3,0;3,77;100,0;0,0
35;48,9375;Private;168211,0;Some-college;6,0;Divorced;Transport-moving;Unmarried;White;Male;0,0;1485,0;40,3125;United-States;<=50K;ok;4,120284080505371;2,933356206461787;6,0;3,77;100,0;0,0
36;67,0;Private;212705,0;Some-college;10,0;Married-spouse-absent;Exec-managerial;Husband;White;Male;0,0;1902,0;55,0;United-States;<=50K;ok;3,215963125228882;2,933356206461787;4,0;3,77;100,0;0,0
37;29,75;Private;278442,0;Bachelors;13,0;Married-civ-spouse;Sales;Husband;White;Male;5063,5;0,0;48,125;United-States;<=50K;ok;0,7730735540390015;2,933356206461787;3,0;3,77;100,0;0,0
38;53,0;Self-emp-not-inc;302847,0;HS-grad;14,0;Married-civ-spouse;Sales;Wife;White;Female;365,125;0,0;39,0625;United-States;<=50K;ok;4,158833026885986;2,933356206461787;5,0;3,77;100,0;0,0
39;57,0;Private;156475,5625;HS-grad;10,0;Married-civ-spouse;Other-service;Not-in-family;White;Female;0,0;1847,9999999999998;38,125;United-States;<=50K;ok;3,692256212234497;2,933356206461787;8,0;3,77;100,0;0,0
40;28,5625;Private;185738,96875;Some-college;13,0;Never-married;Exec-managerial;Own-child;White;Male;7641,562500000001;0,0;39,875;United-States;<=50K;ok;3,583984136581421;2,933356206461787;6,0;3,77;100,0;0,0
41;41,0;Self-emp-not-inc;111772,5;Assoc-acdm;12,0;Married-civ-spouse;Craft-repair;Husband;White;Male;176,8125;1769,0625;40,3125;United-States;<=50K;ok;0,1687690019607544;2,933356206461787;4,0;3,77;100,0;0,0
42;33,5;State-gov;73296,0;HS-grad;9,0;Never-married;Other-service;Unmarried;Asian-Pac-Islander;Female;8330,25;0,0;40,0;United-States;<=50K;ok;1,8880338668823242;2,933356206461787;2,0;3,77;100,0;0,0
43;27,0;Private;198838,5625;Some-college;10,0;Married-spouse-absent;Exec-managerial;Not-in-family;White;Female;7298,0;0,0;41,0;United-States;<=50K;ok;2,12127685546875;2,933356206461787;3,0;3,77;100,0;0,0
44;35,0;Private;122991,75;HS-grad;14,0;Married-civ-spouse;Craft-repair;Own-child;White;Male;5285,5;1912,5;20,0;United-States;<=50K;ok;3,9524848461151123;2,933356206461787;5,0;3,77;100,0;0,0
45;40,8125;Self-emp-not-inc;220956,4375;Prof-school;15,0;Divorced;Prof-specialty;Husband;White;Male;313,3125;0,0;60,0;;<=50K;ok;2,0941526889801025;2,933356206461787;5,0;3,77;100,0;0,0
46;26,1875;Private;221533,0;Bachelors;7,0;Never-married;Craft-repair;Not-in-family;White;Male;7298,0;0,0;40,0;United-States;<=50K;ok;3,0957400798797607;2,933356206461787;3,0;3,77;100,0;0,0
47;51,0;Private;222615,0;7th-8th;9,0;Married-civ-spouse;Adm-clerical;Husband;White;Male;0,0;0,0;40,3125;United-States;<=50K;ok;2,184011936187744;2,933356206461787;3,0;3,77;100,0;0,0
48;43,4375;Private;111895,0;Some-college;13,0;Married-civ-spouse;Sales;Husband;White;Male;0,0;0,0;50,0;United-States;<=50K;ok;1,7187535762786865;2,933356206461787;3,0;3,77;100,0;0,0
49;29,8125;Private;428199,25;10th;9,0;Married-civ-spouse;Transport-moving;Own-child;White;Male;0,0;1902,0;40,625;United-States;<=50K;ok;3,7118313312530518;2,933356206461787;6,0;3,77;100,0;0,0
50;42,5;Private;340797,0;Some-college;10,0;Married-civ-spouse;Machine-op-inspct;Husband;Asian-Pac-Islander;Female;0,0;0,0;43,0625;United-States;<=50K;ok;1,6400095224380493;2,933356206461787;4,0;3,77;100,0;0,0
51;56,0;Self-emp-not-inc;170217,0;HS-grad;9,0;Married-civ-spouse;Farming-fishing;Husband;White;Male;5285,5;0,0;45,0;United-States;<=50K;ok;1,5350947380065918;2,933356206461787;1,0;3,77;100,0;0,0
52;49,0;Private;110810,3125;Bachelors;13,0;Divorced;Prof-specialty;Husband;Asian-Pac-Islander;Male;0,0;0,0;40,0;United-States;<=50K;ok;4,539395332336426;2,933356206461787;5,0;3,77;100,0;0,0
53;26,1875;Private;206974,0;Bachelors;13,0;Never-married;Adm-clerical;Wife;White;Female;7298,0;0,0;40,0;United-States;<=50K;ok;2,4045989513397217;2,933356206461787;3,0;3,77;100,0;0,0
54;48,0;Private;193451,0;10th;6,0;Married-civ-spouse;Machine-op-inspct;Husband;White;Male;5285,5;0,0;40,0;United-States;<=50K;ok;1,5350947380065918;2,933356206461787;1,0;3,77;100,0;0,0
55;52,8125;Self-emp-not-inc;27833,6875;HS-grad;9,0;Married-civ-spouse;Other-service;Not-in-family;White;Female;0,0;1887,0000000000002;33,0;United-States;<=50K;ok;3,251260280609131;2,933356206461787;6,0;3,77;100,0;0,0
56;43,0;Private;150519,0;Some-college;10,0;Married-civ-spouse;Prof-specialty;Husband;White;Male;188,1874999999999;0,0;40,3125;United-States;<=50K;ok;0,06067299842834473;2,933356206461787;2,0;3,77;100,0;0,0
57;31,0;Private;100734,0;Bachelors;16,0;Married-civ-spouse;Prof-specialty;Not-in-family;White;Male;0,0;0,0;28,0;United-States;<=50K;ok;2,6947710514068604;2,933356206461787;3,0;3,77;100,0;0,0
58;31,0;Self-emp-not-inc;318061,0;Bachelors;10,0;Divorced;Prof-specialty;Husband;White;Female;0,0;2355,5;80,0;United-States;<=50K;ok;5,033930778503418;2,933356206461787;7,0;3,77;100,0;0,0
59;33,125;Self-emp-not-inc;113799,93750000001;Some-college;10,0;Never-married;Craft-repair;Own-child;White;Male;7688,0;0,0;30,0;United-States;<=50K;ok;2,246817111968994;2,933356206461787;3,0;3,77;100,0;0,0
60;33,0;Private;594187,0;Bachelors;14,0;Never-married;Prof-specialty;Husband;White;Male;0,0;0,0;45,0;United-States;<=50K;ok;1,71748685836792;2,933356206461787;2,0;3,77;100,0;0,0
61;45,0;Private;43018,1875;Assoc-voc;11,0;Married-civ-spouse;Adm-clerical;Not-in-family;White;Male;5178,0;0,0;10,0;United-States;<=50K;ok;2,7039525508880615;2,933356206461787;4,0;3,77;100,0;0,0
62;53,125;Federal-gov;105959,0;Some-college;10,0;Married-civ-spouse;Adm-clerical;Husband;White;Male;0,0;0,0;41,0;United-States;<=50K;ok;0,3299627900123596;2,933356206461787;1,0;3,77;100,0;0,0
63;22,0;State-gov;187052,0;11th;7,0;Married-civ-spouse;Sales;Unmarried;White;Male;7641,562500000001;0,0;30,0;United-States;<=50K;ok;4,009341716766357;2,933356206461787;4,0;3,77;100,0;0,0
64;40,3125;Federal-gov;216116,0;9th;5,0;Never-married;Machine-op-inspct;Unmarried;Asian-Pac-Islander;Male;7621,875;118,40625;40,0;United-States;<=50K;ok;6,5656328201293945;2,933356206461787;6,0;3,77;100,0;0,0
65;59,0;Self-emp-inc;132717,0;10th;6,0;Married-civ-spouse;Farming-fishing;Husband;White;Male;0,0;1847,9999999999998;40,0;United-States;<=50K;ok;2,817249298095703;2,933356206461787;2,0;3,77;100,0;0,0
66;51,0;Federal-gov;146325,0;HS-grad;5,0;Married-civ-spouse;Transport-moving;Unmarried;White;Female;0,0;1651,1250000000002;40,3125;United-States;<=50K;ok;5,678705215454102;2,933356206461787;7,0;3,77;100,0;0,0
67;66,25;Self-emp-inc;121944,0;7th-8th;4,0;Married-civ-spouse;Sales;Husband;White;Male;5292,625;0,0;47,0;United-States;<=50K;ok;2,893317222595215;2,933356206461787;5,0;3,77;100,0;0,0
68;61,0;;273803,0;HS-grad;9,0;Divorced;Craft-repair;Husband;White;Male;0,0;0,0;40,0;United-States;<=50K;ok;3,6437530517578125;2,933356206461787;2,0;3,77;100,0;0,0
69;41,0;Federal-gov;347890,0;HS-grad;9,0;Divorced;Machine-op-inspct;Unmarried;White;Male;5634,0;0,0;40,0;United-States;<=50K;ok;2,4392924308776855;2,933356206461787;3,0;3,77;100,0;0,0
70;29,0;Private;54411,0;Prof-school;13,0;Never-married;Craft-repair;Unmarried;White;Female;8696,25;97,74999999999999;50,0;;<=50K;ok;4,2260565757751465;2,933356206461787;7,0;3,77;100,0;0,0
71;31,25;;308493,0;Some-college;14,0;Married-civ-spouse;;Wife;Asian-Pac-Islander;Male;0,0;1902,0;17,0;United-States;<=50K;ok;7,535979270935059;2,933356206461787;7,0;3,77;100,0;0,0
72;30,0;Private;121142,0;HS-grad;13,0;Never-married;Sales;Husband;White;Female;7922,250000000001;0,0;39,75;United-States;<=50K;ok;3,2908856868743896;2,933356206461787;5,0;3,77;100,0;0,0
73;61,875;Federal-gov;281025,0;9th;13,0;Married-civ-spouse;Handlers-cleaners;Husband;Asian-Pac-Islander;Male;0,0;1854,125;32,5;United-States;<=50K;ok;4,872823238372803;2,933356206461787;6,0;3,77;100,0;0,0
74;77,0;;230279,9375;9th;5,0;Married-civ-spouse;;Husband;Asian-Pac-Islander;Male;0,0;1847,9999999999998;40,0;United-States;<=50K;ok;2,4851720333099365;2,933356206461787;2,0;3,77;100,0;0,0
75;62,0;Federal-gov;141570,0;Masters;14,0;Married-civ-spouse;Exec-managerial;Husband;Asian-Pac-Islander;Male;196,75;1977,0;40,0;United-States;<=50K;ok;0,7769007086753845;2,933356206461787;3,0;3,77;100,0;0,0
76;36,5625;Private;96767,75;Bachelors;9,0;Never-married;Craft-repair;Husband;Asian-Pac-Islander;Male;7922,250000000001;0,0;35,0;United-States;<=50K;ok;4,315991401672363;2,933356206461787;6,0;3,77;100,0;0,0
77;36,0;Private;133569,0;HS-grad;9,0;Never-married;Farming-fishing;Husband;White;Male;7641,562500000001;118,875;40,3125;United-States;<=50K;ok;5,450063705444336;2,933356206461787;7,0;3,77;100,0;0,0
78;21,0;Private;220857,0;Some-college;10,0;Married-civ-spouse;Sales;Husband;White;Male;7688,0;0,0;20,0;United-States;<=50K;ok;3,175889015197754;2,933356206461787;3,0;3,77;100,0;0,0
79;43,0;Federal-gov;282153,84375;Some-college;10,0;Divorced;Craft-repair;Wife;White;Female;5619,75;0,0;42,0;United-States;<=50K;ok;2,88735294342041;2,933356206461787;5,0;3,77;100,0;0,0
80;35,0;Private;198841,0;HS-grad;9,0;Married-civ-spouse;Farming-fishing;Husband;White;Male;5619,75;0,0;40,0;United-States;<=50K;ok;1,6321725845336914;2,933356206461787;1,0;3,77;100,0;0,0
81;26,0625;Private;54560,0;Masters;9,0;Never-married;Exec-managerial;Unmarried;White;Male;8696,25;0,0;40,0;United-States;<=50K;ok;2,789860486984253;2,933356206461787;5,0;3,77;100,0;0,0
82;52,0;Private;123011,0;Some-college;5,0;Married-civ-spouse;Handlers-cleaners;Husband;White;Male;0,0;0,0;45,0;United-States;<=50K;ok;2,146900177001953;2,933356206461787;2,0;3,77;100,0;0,0
83;23,0;Private;359325,625;Some-college;11,0;Married-civ-spouse;Craft-repair;Husband;White;Male;0,0;1902,0;40,0;United-States;<=50K;ok;2,924748659133911;2,933356206461787;3,0;3,77;100,0;0,0
84;30,8125;Self-emp-not-inc;35330,0;Assoc-voc;9,0;Married-civ-spouse;Other-service;Husband;White;Male;0,0;0,0;42,0;United-States;<=50K;ok;0,9625133872032166;2,933356206461787;2,0;3,77;100,0;0,0
85;36,0;Federal-gov;111387,0;10th;13,0;Never-married;Sales;Husband;White;Male;7688,0;115,49999999999999;39,75;United-States;<=50K;ok;5,093630790710449;2,933356206461787;7,0;3,77;100,0;0,0
86;46,0;Self-emp-inc;214627,0;Doctorate;10,0;Married-civ-spouse;Farming-fishing;Husband;White;Female;0,0;0,0;60,0;United-States;<=50K;ok;3,5562703609466553;2,933356206461787;3,0;3,77;100,0;0,0
87;63,625;;250117,0;Bachelors;9,0;Married-civ-spouse;Protective-serv;Husband;White;Female;181,6875;1840,3125;50,0;United-States;<=50K;ok;4,329150676727295;2,933356206461787;6,0;3,77;100,0;0,0
88;33,25;;171461,0;Bachelors;6,0;Never-married;;Own-child;White;Female;7641,562500000001;0,0;20,0;United-States;<=50K;ok;3,570492744445801;2,933356206461787;3,0;3,77;100,0;0,0
89;44,0;Private;71269,0;Some-college;10,0;Divorced;Craft-repair;Not-in-family;White;Male;5473,500000000001;0,0;50,0;United-States;<=50K;ok;1,6074497699737549;2,933356206461787;2,0;3,77;100,0;0,0
90;34,5625;Self-emp-not-inc;185621,0;Bachelors;13,0;Never-married;Prof-specialty;Own-child;White;Female;7688,0;0,0;40,0;United-States;<=50K;ok;2,2331390380859375;2,933356206461787;2,0;3,77;100,0;0,0
91;20,0;Federal-gov;47678,0;Bachelors;13,0;Never-married;Exec-managerial;Unmarried;White;Female;8696,25;0,0;49,375;United-States;<=50K;ok;4,142669677734375;2,933356206461787;8,0;3,77;100,0;0,0
92;38,0;Private;340763,0;HS-grad;13,0;Divorced;Adm-clerical;Not-in-family;Asian-Pac-Islander;Male;0,0;2339,0;47,0;United-States;<=50K;ok;3,446413278579712;2,933356206461787;2,0;3,77;100,0;0,0
93;43,0;Private;186916,0;Masters;9,0;Divorced;Farming-fishing;Husband;White;Male;0,0;2415,0;55,0;United-States;<=50K;ok;2,5910611152648926;2,933356206461787;4,0;3,77;100,0;0,0
94;26,0;Federal-gov;110103,0;HS-grad;9,0;Never-married;Other-service;Not-in-family;White;Male;7688,0;1770,75;40,0;United-States;<=50K;ok;3,216200113296509;2,933356206461787;4,0;3,77;100,0;0,0
95;42,6875;Federal-gov;85440,0;Masters;9,0;Married-civ-spouse;Prof-specialty;Husband;White;Male;196,0625;0,0;45,0;United-States;<=50K;ok;2,0942797660827637;2,933356206461787;3,0;3,77;100,0;0,0
96;30,0;Private;380560,0;Bachelors;13,0;Married-civ-spouse;Farming-fishing;Other-relative;White;Male;0,0;0,0;40,0;United-States;<=50K;ok;4,054009437561035;2,933356206461787;5,0;3,77;100,0;0,0
97;29,0;Private;191935,0;HS-grad;13,0;Never-married;;Not-in-family;White;Male;7890,0;118,875;40,0;United-States;<=50K;ok;4,369196891784668;2,933356206461787;4,0;3,77;100,0;0,0
98;28,0;Private;191342,0;Some-college;10,0;Married-civ-spouse;Sales;Husband;Other;Male;5260,0;0,0;40,0;India;<=50K;ok;2,2173924446105957;2,933356206461787;3,0;3,77;100,0;0,0
99;31,0;Private;113129,0;Bachelors;9,0;Married-civ-spouse;Adm-clerical;Husband;White;Male;0,0;0,0;40,0;United-States;<=50K;ok;2,677844285964966;2,933356206461787;2,0;3,77;100,0;0,0
100;48,0;Private;206299,875;Bachelors;9,0;Married-civ-spouse;Prof-specialty;Wife;White;Female;0,0;1847,9999999999998;8,0;United-States;<=50K;ok;2,5459659099578857;2,933356206461787;3,0;3,77;100,0;0,0
101;30,625;Private;265638,0;Some-college;13,0;Married-civ-spouse;Craft-repair;Husband;Asian-Pac-Islander;Male;0,0;0,0;60,0;United-States;<=50K;ok;2,2852389812469482;2,933356206461787;3,0;3,77;100,0;0,0
102;45,0;Private;170092,0;Some-college;13,0;Divorced;Other-service;Not-in-family;White;Male;6249,937500000001;0,0;50,0;United-States;<=50K;ok;3,1289455890655518;2,933356206461787;3,0;3,77;100,0;0,0
103;41,1875;Private;291932,75;Some-college;10,0;Married-civ-spouse;Transport-moving;Husband;White;Male;0,0;0,0;41,25;United-States;<=50K;ok;3,23576021194458;2,933356206461787;4,0;3,77;100,0;0,0
104;29,25;Private;377121,0;Some-college;10,0;Never-married;Exec-managerial;Unmarried;White;Female;7298,0;0,0;25,0;United-States;<=50K;ok;2,377139091491699;2,933356206461787;3,0;3,77;100,0;0,0
105;18,3125;State-gov;293510,0;Some-college;9,0;Married-civ-spouse;Handlers-cleaners;Other-relative;White;Male;7688,0;0,0;20,0;United-States;<=50K;ok;4,918266773223877;2,933356206461787;6,0;3,77;100,0;0,0
106;33,0;Private;336215,0;Assoc-acdm;12,0;Never-married;Adm-clerical;Wife;White;Female;7298,0;0,0;25,0;United-States;<=50K;ok;3,209686517715454;2,933356206461787;3,0;3,77;100,0;0,0
107;33,0;Private;107784,56249999999;Masters;10,0;Divorced;Exec-managerial;Wife;White;Male;0,0;1902,0;40,0;United-States;<=50K;ok;3,683328866958618;2,933356206461787;5,0;3,77;100,0;0,0
108;46,1875;Private;340651,0;Bachelors;13,0;Married-civ-spouse;Other-service;Husband;Asian-Pac-Islander;Male;3325,0;1729,8749999999998;62,4375;United-States;<=50K;ok;1,2352293729782104;2,933356206461787;5,0;3,77;100,0;0,0
109;39,0625;Private;154874,0;Assoc-voc;11,0;Married-civ-spouse;Sales;Husband;White;Male;0,0;0,0;41,0;United-States;<=50K;ok;0,41363468766212463;2,933356206461787;2,0;3,77;100,0;0,0
110;28,5625;State-gov;309348,0;Some-college;10,0;Never-married;Adm-clerical;Not-in-family;Asian-Pac-Islander;Male;7298,0;0,0;15,000000000000004;United-States;<=50K;ok;3,771522283554077;2,933356206461787;4,0;3,77;100,0;0,0
111;37,0;Federal-gov;139864,0;Bachelors;9,0;Married-civ-spouse;Handlers-cleaners;Unmarried;White;Male;0,0;0,0;39,75;United-States;<=50K;ok;1,632620096206665;2,933356206461787;4,0;3,77;100,0;0,0
112;40,0;Private;180248,3125;Bachelors;11,0;Never-married;Prof-specialty;Not-in-family;White;Male;7537,250000000001;0,0;40,0;United-States;<=50K;ok;3,226614236831665;2,933356206461787;4,0;3,77;100,0;0,0
113;32,0;Private;207668,0;HS-grad;11,0;Married-civ-spouse;Exec-managerial;Husband;White;Male;0,0;0,0;50,0;United-States;<=50K;ok;0,8705759048461914;2,933356206461787;2,0;3,77;100,0;0,0
114;30,125;Private;132661,0;Bachelors;9,0;Married-civ-spouse;Adm-clerical;Own-child;White;Male;0,0;0,0;40,0;United-States;<=50K;ok;2,7564146518707275;2,933356206461787;4,0;3,77;100,0;0,0
115;53,0;Private;89423,21875;HS-grad;9,0;Married-civ-spouse;Exec-managerial;Husband;White;Male;5013,0;0,0;40,0;United-States;<=50K;ok;27,587268829345703;2,933356206461787;2,0;3,77;100,0;0,0
116;19,0;Private;144750,0;Some-college;10,0;Married-civ-spouse;Adm-clerical;Own-child;White;Male;5285,5;0,0;17,875000000000004;United-States;<=50K;ok;2,150564193725586;2,933356206461787;3,0;3,77;100,0;0,0
117;49,0;Private;204629,0;Bachelors;13,0;Divorced;Exec-managerial;Husband;White;Male;0,0;0,0;40,125;United-States;<=50K;ok;1,5061241388320923;2,933356206461787;2,0;3,77;100,0;0,0
118;64,0;;104756,0;Some-college;10,0;Widowed;;Wife;White;Female;7431,53125;0,0;8,0;United-States;<=50K;ok;2,2300877571105957;2,933356206461787;2,0;3,77;100,0;0,0
119;52,5625;Federal-gov;153751,0;9th;10,0;Married-civ-spouse;Prof-specialty;Not-in-family;Asian-Pac-Islander;Male;4561,25;1887,0000000000002;30,0;United-States;<=50K;ok;4,958619117736816;2,933356206461787;8,0;3,77;100,0;0,0
120;42,125;Federal-gov;131720,4375;HS-grad;9,0;Married-civ-spouse;Machine-op-inspct;Husband;White;Male;0,0;118,875;41,25;United-States;<=50K;ok;1,784653663635254;2,933356206461787;7,0;3,77;100,0;0,0
121;58,6875;State-gov;136819,0;Bachelors;14,0;Married-civ-spouse;Prof-specialty;Husband;White;Female;5285,5;0,0;8,0;United-States;<=50K;ok;2,8207051753997803;2,933356206461787;4,0;3,77;100,0;0,0
122;58,0;Private;169542,0;Some-college;9,0;Married-civ-spouse;Craft-repair;Wife;White;Male;3137,0;1887,0000000000002;16,000000000000004;United-States;<=50K;ok;3,9399197101593018;2,933356206461787;4,0;3,77;100,0;0,0
123;46,0;Private;108699,0;Some-college;10,0;Widowed;Adm-clerical;Not-in-family;White;Female;7673,1875;0,0;60,0;United-States;<=50K;ok;2,228562831878662;2,933356206461787;1,0;3,77;100,0;0,0
124;46,0;Federal-gov;367251,0;Some-college;10,0;Married-civ-spouse;Other-service;Not-in-family;Asian-Pac-Islander;Male;0,0;0,0;40,0;United-States;<=50K;ok;1,3167011737823486;2,933356206461787;2,0;3,77;100,0;0,0
125;35,0;Private;114765,0;Bachelors;9,0;Divorced;Exec-managerial;Not-in-family;White;Male;4401,25;0,0;47,5;United-States;<=50K;ok;3,6590538024902344;2,933356206461787;5,0;3,77;100,0;0,0
126;37,0;Private;203079,0;Masters;13,0;Widowed;Prof-specialty;Not-in-family;White;Male;5260,0;1853,4374999999998;55,0;United-States;<=50K;ok;4,023473739624023;2,933356206461787;5,0;3,77;100,0;0,0
127;31,1875;Private;204052,0;Bachelors;9,0;Married-civ-spouse;Handlers-cleaners;Husband;White;Male;0,0;0,0;40,0;United-States;<=50K;ok;0,5505424737930298;2,933356206461787;2,0;3,77;100,0;0,0
128;35,0;Private;46028,0;HS-grad;14,0;Divorced;Other-service;Husband;White;Female;7512,0;97,74999999999999;50,0;United-States;<=50K;ok;3,4241950511932373;2,933356206461787;5,0;3,77;100,0;0,0
129;45,3125;Self-emp-inc;130700,37500000001;HS-grad;10,0;Divorced;Exec-managerial;Husband;White;Male;5473,500000000001;0,0;45,0;United-States;<=50K;ok;2,7359118461608887;2,933356206461787;7,0;3,77;100,0;0,0
130;28,625;Private;495982,0;Some-college;13,0;Never-married;Adm-clerical;Own-child;White;Male;7458,75;0,0;10,0;United-States;<=50K;ok;2,619755268096924;2,933356206461787;3,0;3,77;100,0;0,0
131;53,0;Private;202720,0;9th;5,0;Married-spouse-absent;Machine-op-inspct;Unmarried;White;Male;7512,0;0,0;72,9375;United-States;<=50K;ok;6,492438316345215;2,933356206461787;4,0;3,77;100,0;0,0
132;40,0;Private;193459,0;Some-college;12,0;Separated;Machine-op-inspct;Husband;White;Male;5383,750000000001;1887,0000000000002;40,5;Outlying-US(Guam-USVI-etc);<=50K;ok;3,7478370666503906;2,933356206461787;5,0;3,77;100,0;0,0
133;64,0;Self-emp-inc;69525,0;HS-grad;9,0;Married-civ-spouse;Prof-specialty;Unmarried;White;Male;5292,625;0,0;20,0;United-States;<=50K;ok;2,802278518676758;2,933356206461787;4,0;3,77;100,0;0,0
134;53,0;Federal-gov;231514,6875;HS-grad;9,0;Married-civ-spouse;Adm-clerical;Husband;Asian-Pac-Islander;Male;5285,5;0,0;40,125;United-States;<=50K;ok;2,6258318424224854;2,933356206461787;4,0;3,77;100,0;0,0
135;18,0;Private;138557,0;11th;7,0;Married-civ-spouse;Handlers-cleaners;Wife;White;Male;5285,5;0,0;40,0;United-States;<=50K;ok;2,425615072250366;2,933356206461787;3,0;3,77;100,0;0,0
136;28,0;Private;367306,0;Some-college;10,0;Never-married;Adm-clerical;Own-child;White;Female;7298,0;0,0;40,0;United-States;<=50K;ok;2,133136510848999;2,933356206461787;2,0;3,77;100,0;0,0
137;33,0;State-gov;163674,75;Bachelors;13,0;Married-civ-spouse;Sales;Husband;Asian-Pac-Islander;Male;5178,0;0,0;40,0;Philippines;<=50K;ok;2,4280142784118652;2,933356206461787;3,0;3,77;100,0;0,0
138;29,0;Self-emp-not-inc;192010,0;Bachelors;13,0;Never-married;Prof-specialty;Wife;Asian-Pac-Islander;Male;7537,250000000001;0,0;60,0;Poland;<=50K;ok;4,58745813369751;2,933356206461787;5,0;3,77;100,0;0,0
139;33,5625;Private;29254,0;Some-college;10,0;Divorced;Craft-repair;Not-in-family;White;Male;0,0;0,0;55,0;United-States;<=50K;ok;2,084611415863037;2,933356206461787;4,0;3,77;100,0;0,0
140;32,3125;Private;176410,0;Masters;14,0;Married-civ-spouse;Prof-specialty;Wife;White;Female;5108,374999999999;0,0;10,0;United-States;<=50K;ok;0,058593764901161194;2,933356206461787;2,0;3,77;100,0;0,0
141;19,0;Federal-gov;86835,375;Bachelors;9,0;Never-married;Other-service;Not-in-family;Asian-Pac-Islander;Female;8696,25;0,0;40,0;United-States;<=50K;ok;2,8963606357574463;2,933356206461787;5,0;3,77;100,0;0,0
142;41,0;Federal-gov;185660,0;HS-grad;9,0;Married-civ-spouse;Adm-clerical;Unmarried;White;Female;4845,375;0,0;40,0;United-States;<=50K;ok;2,974130868911743;2,933356206461787;3,0;3,77;100,0;0,0
143;50,0;Private;154689,59375;HS-grad;10,0;Married-civ-spouse;Prof-specialty;Husband;White;Male;180,3125000000001;0,0;40,0;United-States;<=50K;ok;0,4220109283924103;2,933356206461787;3,0;3,77;100,0;0,0
144;53,0;Private;154891,0;9th;5,0;Married-civ-spouse;Transport-moving;Husband;White;Male;5473,500000000001;0,0;40,0;United-States;<=50K;ok;1,5896964073181152;2,933356206461787;1,0;3,77;100,0;0,0
145;33,625;State-gov;465650,125;Bachelors;13,0;Married-civ-spouse;Exec-managerial;Not-in-family;Asian-Pac-Islander;Male;0,0;0,0;41,8125;United-States;<=50K;ok;5,3666605949401855;2,933356206461787;7,0;3,77;100,0;0,0
146;23,0;Federal-gov;248344,0;Some-college;10,0;Married-civ-spouse;Other-service;Husband;Asian-Pac-Islander;Male;7298,0;0,0;30,0;United-States;<=50K;ok;2,660015344619751;2,933356206461787;3,0;3,77;100,0;0,0
147;59,0;Self-emp-not-inc;124771,0;Bachelors;9,0;Married-civ-spouse;Prof-specialty;Husband;White;Female;0,0;0,0;30,0;United-States;<=50K;ok;3,023466110229492;2,933356206461787;3,0;3,77;100,0;0,0
148;26,0;Private;242092,75;Bachelors;10,0;Married-civ-spouse;Adm-clerical;Not-in-family;White;Male;0,0;1902,0;40,0;United-States;<=50K;ok;3,41597843170166;2,933356206461787;5,0;3,77;100,0;0,0
149;50,0;Self-emp-not-inc;34067,0;Some-college;10,0;Married-civ-spouse;Farming-fishing;Husband;White;Male;5285,5;0,0;60,0;United-States;<=50K;ok;1,5350947380065918;2,933356206461787;1,0;3,77;100,0;0,0
150;59,9375;Federal-gov;137192,0;Bachelors;13,0;Divorced;Exec-managerial;Husband;Asian-Pac-Islander;Male;0,0;0,0;50,0;United-States;<=50K;ok;2,404886245727539;2,933356206461787;3,0;3,77;100,0;0,0
151;48,0;Self-emp-not-inc;234891,9375;HS-grad;8,0;Divorced;Sales;Unmarried;Asian-Pac-Islander;Male;7537,250000000001;142,625;40,0;United-States;<=50K;ok;6,18465518951416;2,933356206461787;8,0;3,77;100,0;0,0
152;29,15625;Private;36058,0;Bachelors;9,0;Never-married;Sales;Not-in-family;White;Female;0,0;152,75000000000003;50,0;United-States;<=50K;ok;2,816851854324341;2,933356206461787;4,0;3,77;100,0;0,0
153;37,0;Self-emp-not-inc;156897,0;Prof-school;13,0;Never-married;Adm-clerical;Not-in-family;White;Female;7397,000000000001;1564,0;54,375;United-States;<=50K;ok;4,011665344238281;2,933356206461787;6,0;3,77;100,0;0,0
154;56,0;Private;177271,0;Assoc-voc;11,0;Divorced;Tech-support;Husband;Asian-Pac-Islander;Male;0,0;0,0;40,0;United-States;<=50K;ok;2,608957052230835;2,933356206461787;2,0;3,77;100,0;0,0
155;39,0;Self-emp-not-inc;99156,0;11th;9,0;Married-civ-spouse;Prof-specialty;Husband;White;Male;0,0;0,0;50,0;United-States;<=50K;ok;3,8939051628112793;2,933356206461787;3,0;3,77;100,0;0,0
156;23,9375;Private;456430,0;HS-grad;9,0;Never-married;Craft-repair;Husband;White;Male;7458,75;1887,0000000000002;49,375;United-States;<=50K;ok;3,660982847213745;2,933356206461787;5,0;3,77;100,0;0,0
157;29,0;Private;58115,000000000015;Bachelors;13,0;Married-civ-spouse;Sales;Husband;White;Male;5178,0;0,0;41,0;United-States;<=50K;ok;1,5038728713989258;2,933356206461787;1,0;3,77;100,0;0,0
158;33,0625;State-gov;198513,0;Some-college;10,0;Married-civ-spouse;Prof-specialty;Husband;White;Female;0,0;0,0;40,3125;United-States;<=50K;ok;4,056606769561768;2,933356206461787;5,0;3,77;100,0;0,0
159;29,0;Federal-gov;102984,5;Masters;9,0;Married-civ-spouse;Prof-specialty;Husband;White;Male;0,0;0,0;50,0;United-States;<=50K;ok;2,094938278198242;2,933356206461787;2,0;3,77;100,0;0,0
160;31,0;Federal-gov;149829,875;Masters;10,0;Married-civ-spouse;Prof-specialty;Own-child;White;Female;0,0;0,0;20,0;United-States;<=50K;ok;3,134805917739868;2,933356206461787;6,0;3,77;100,0;0,0
161;36,875;Private;95639,0;HS-grad;9,0;Separated;Handlers-cleaners;Unmarried;Amer-Indian-Eskimo;Male;5458,249999999999;0,0;45,0;United-States;<=50K;ok;1,6048545837402344;2,933356206461787;2,0;3,77;100,0;0,0
162;39,0;Federal-gov;398513,5;Some-college;10,0;Divorced;Adm-clerical;Unmarried;Asian-Pac-Islander;Female;0,0;2471,0;43,125;United-States;<=50K;ok;4,379966735839844;2,933356206461787;5,0;3,77;100,0;0,0
163;36,4375;Private;189382,0;Assoc-acdm;9,0;Divorced;Prof-specialty;Not-in-family;White;Female;5260,0;1852,25;40,125;United-States;<=50K;ok;2,9547276496887207;2,933356206461787;6,0;3,77;100,0;0,0
164;25,5;Private;469572,0;Bachelors;9,0;Never-married;Sales;Not-in-family;White;Male;8614,0;0,0;40,0;United-States;<=50K;ok;1,7691168785095215;2,933356206461787;4,0;3,77;100,0;0,0
165;51,125;Federal-gov;256051,0;11th;7,0;Married-civ-spouse;Transport-moving;Husband;White;Male;5285,5;1628,0;40,0;United-States;<=50K;ok;2,942168712615967;2,933356206461787;4,0;3,77;100,0;0,0
166;31,5;Private;89154,0;HS-grad;2,0;Married-civ-spouse;Prof-specialty;Other-relative;White;Female;0,0;0,0;40,0;El-Salvador;<=50K;ok;3,5828113555908203;2,933356206461787;5,0;3,77;100,0;0,0
167;19,0;Private;127491,0;HS-grad;9,0;Married-civ-spouse;Exec-managerial;Husband;White;Male;5178,0;0,0;40,0;United-States;<=50K;ok;2,398498058319092;2,933356206461787;4,0;3,77;100,0;0,0
168;17,0;Private;75908,25;10th;6,0;Married-civ-spouse;Priv-house-serv;Other-relative;White;Male;8696,25;0,0;30,0;United-States;<=50K;ok;2,940854787826538;2,933356206461787;3,0;3,77;100,0;0,0
169;61,875;Private;169204,0;HS-grad;9,0;Married-civ-spouse;Exec-managerial;Husband;White;Male;0,0;1573,0;50,0;United-States;<=50K;ok;2,120567798614502;2,933356206461787;2,0;3,77;100,0;0,0
170;30,0;Private;248533,0;Bachelors;10,0;Married-civ-spouse;Sales;Other-relative;Asian-Pac-Islander;Male;0,0;0,0;40,0;United-States;<=50K;ok;3,1846930980682373;2,933356206461787;4,0;3,77;100,0;0,0
171;46,0;Private;85109,0;Some-college;10,0;Married-civ-spouse;Machine-op-inspct;Husband;White;Male;5473,500000000001;1628,0;40,0;United-States;<=50K;ok;1,5896964073181152;2,933356206461787;1,0;3,77;100,0;0,0
172;33,0;Private;340539,0625;HS-grad;9,0;Divorced;Craft-repair;Husband;Asian-Pac-Islander;Male;7298,0;0,0;40,0;United-States;<=50K;ok;3,3614630699157715;2,933356206461787;4,0;3,77;100,0;0,0
173;61,0;Private;271431,0;Bachelors;5,0;Married-civ-spouse;Other-service;Husband;White;Male;0,0;1769,0625;42,0;United-States;<=50K;ok;3,2993063926696777;2,933356206461787;4,0;3,77;100,0;0,0
174;36,0;Private;161141,0;Bachelors;9,0;Married-civ-spouse;Machine-op-inspct;Wife;White;Female;0,0;0,0;40,0;United-States;<=50K;ok;3,6177494525909424;2,933356206461787;3,0;3,77;100,0;0,0
175;22,0;State-gov;287988,0;Some-college;13,0;Married-civ-spouse;;Husband;Asian-Pac-Islander;Male;7298,0;0,0;15,000000000000004;United-States;<=50K;ok;3,866909980773926;2,933356206461787;6,0;3,77;100,0;0,0
176;45,0;Federal-gov;165556,75;HS-grad;10,0;Married-civ-spouse;Exec-managerial;Unmarried;White;Female;0,0;0,0;41,25;United-States;<=50K;ok;1,945279836654663;2,933356206461787;5,0;3,77;100,0;0,0
177;30,0;Federal-gov;113129,0;Some-college;10,0;Never-married;Other-service;Not-in-family;White;Male;7688,0;0,0;24,0;United-States;<=50K;ok;2,5975117683410645;2,933356206461787;2,0;3,77;100,0;0,0
178;48,0;Private;85341,0;HS-grad;9,0;Married-civ-spouse;Transport-moving;Husband;Asian-Pac-Islander;Male;0,0;0,0;40,0;United-States;<=50K;ok;3,377326726913452;2,933356206461787;2,0;3,77;100,0;0,0
179;59,59375;State-gov;209147,21875;Bachelors;9,0;Divorced;Machine-op-inspct;Not-in-family;Asian-Pac-Islander;Female;7298,0;0,0;40,0;United-States;<=50K;ok;4,373109340667725;2,933356206461787;8,0;3,77;100,0;0,0
180;26,0;Private;219835,0;Assoc-voc;11,0;Never-married;;Not-in-family;White;Male;7298,0;0,0;40,0;United-States;<=50K;ok;3,9574341773986816;2,933356206461787;3,0;3,77;100,0;0,0
181;46,0;Private;72619,0;Masters;14,0;Married-civ-spouse;Exec-managerial;Husband;White;Male;0,0;0,0;40,0;United-States;<=50K;ok;4,033766269683838;2,933356206461787;4,0;3,77;100,0;0,0
182;31,0;State-gov;143392,0;Some-college;10,0;Divorced;Adm-clerical;Not-in-family;White;Female;7688,0;118,875;35,625;United-States;<=50K;ok;3,4726850986480713;2,933356206461787;4,0;3,77;100,0;0,0
183;30,0;Private;255708,6875;Bachelors;13,0;Married-civ-spouse;Prof-specialty;Husband;Asian-Pac-Islander;Female;0,0;1863,25;40,0;United-States;<=50K;ok;4,201351642608643;2,933356206461787;8,0;3,77;100,0;0,0
184;26,0;State-gov;73047,0;Some-college;9,0;Married-civ-spouse;Exec-managerial;Not-in-family;White;Female;5383,750000000001;0,0;32,8125;United-States;<=50K;ok;4,343503952026367;2,933356206461787;6,0;3,77;100,0;0,0
185;35,5;Self-emp-not-inc;217550,625;Assoc-voc;14,0;Married-civ-spouse;Craft-repair;Own-child;White;Male;0,0;1729,8749999999998;50,0;United-States;<=50K;ok;3,242664098739624;2,933356206461787;7,0;3,77;100,0;0,0
186;23,1875;Private;228230,0;Some-college;10,0;Married-civ-spouse;Sales;Wife;White;Female;5473,500000000001;0,0;47,0;United-States;<=50K;ok;1,5897672176361084;2,933356206461787;2,0;3,77;100,0;0,0
187;34,0;Private;135520,40625;Bachelors;9,0;Never-married;Sales;Own-child;White;Female;7688,0;0,0;40,0;United-States;<=50K;ok;3,5648393630981445;2,933356206461787;4,0;3,77;100,0;0,0
188;37,0;Private;320425,0;Bachelors;10,0;Married-civ-spouse;Prof-specialty;Own-child;Asian-Pac-Islander;Male;0,0;0,0;30,0;United-States;<=50K;ok;3,3422353267669678;2,933356206461787;4,0;3,77;100,0;0,0
189;51,0;Private;185336,0;HS-grad;9,0;Married-civ-spouse;Sales;Not-in-family;White;Male;0,0;0,0;39,0625;United-States;<=50K;ok;3,9827897548675537;2,933356206461787;5,0;3,77;100,0;0,0
190;26,0;Private;234249,3125;Bachelors;9,0;Married-civ-spouse;Sales;Wife;White;Male;0,0;0,0;40,0;United-States;<=50K;ok;4,778182029724121;2,933356206461787;6,0;3,77;100,0;0,0
191;30,0;Private;109117,0;Bachelors;13,0;Never-married;Handlers-cleaners;Own-child;White;Male;7493,0;0,0;45,0;United-States;<=50K;ok;2,347943067550659;2,933356206461787;3,0;3,77;100,0;0,0
192;29,0;Private;211482,0;Some-college;13,0;Married-civ-spouse;Sales;Not-in-family;White;Male;0,0;0,0;40,0;United-States;<=50K;ok;1,7437164783477783;2,933356206461787;2,0;3,77;100,0;0,0
193;36,0;Federal-gov;370585,0;HS-grad;9,0;Married-civ-spouse;;Husband;White;Male;0,0;0,0;40,0;United-States;<=50K;ok;5,110311985015869;2,933356206461787;2,0;3,77;100,0;0,0
194;30,5;Private;254933,0;Bachelors;7,0;Married-civ-spouse;Transport-moving;Not-in-family;White;Male;0,0;0,0;41,0;United-States;<=50K;ok;2,315451145172119;2,933356206461787;4,0;3,77;100,0;0,0
195;30,0;Private;341672,0;Bachelors;10,0;Married-civ-spouse;Adm-clerical;Other-relative;Asian-Pac-Islander;Male;0,0;0,0;41,25;India;<=50K;ok;2,250074863433838;2,933356206461787;4,0;3,77;100,0;0,0
196;37,625;Private;298841,0;HS-grad;9,0;Divorced;Adm-clerical;Own-child;White;Female;7298,0;0,0;40,0;United-States;<=50K;ok;2,119807481765747;2,933356206461787;2,0;3,77;100,0;0,0
197;39,0;Private;420976,625;HS-grad;9,0;Married-civ-spouse;Transport-moving;Husband;White;Male;0,0;0,0;50,0;United-States;<=50K;ok;1,6844706535339355;2,933356206461787;1,0;3,77;100,0;0,0
198;32,4375;Private;183977,0;Bachelors;13,0;Divorced;Farming-fishing;Husband;White;Male;0,0;0,0;55,0;United-States;<=50K;ok;1,5800520181655884;2,933356206461787;3,0;3,77;100,0;0,0
199;62,0;Private;35783,0;Some-college;9,0;Married-civ-spouse;Transport-moving;Husband;White;Male;5178,0;0,0;60,0;United-States;<=50K;ok;1,561063528060913;2,933356206461787;2,0;3,77;100,0;0,0
200;74,0;;340939,0;HS-grad;13,0;Married-civ-spouse;Craft-repair;Husband;White;Male;9504,0;0,0;40,0;United-States;<=50K;ok;4,935065746307373;2,933356206461787;4,0;3,77;100,0;0,0
201;46,0;Private;98735,0;Bachelors;13,0;Separated;Prof-specialty;Husband;White;Female;5909,5;0,0;50,0;United-States;<=50K;ok;2,8250579833984375;2,933356206461787;2,0;3,77;100,0;0,0
202;28,5625;Private;90860,0;Some-college;10,0;Never-married;Tech-support;Own-child;Asian-Pac-Islander;Female;7802,437500000001;0,0;20,0;United-States;<=50K;ok;2,4301936626434326;2,933356206461787;3,0;3,77;100,0;0,0
203;20,0;;41035,0;Some-college;15,0;Married-civ-spouse;;Own-child;White;Male;7537,250000000001;0,0;20,0;United-States;<=50K;ok;3,382678985595703;2,933356206461787;3,0;3,77;100,0;0,0
204;49,875;Without-pay;121445,5625;Assoc-acdm;10,0;Married-civ-spouse;Sales;Husband;White;Male;0,0;0,0;45,0;United-States;<=50K;ok;0,8427756428718567;2,933356206461787;3,0;3,77;100,0;0,0
205;51,0;Private;249644,0;Some-college;9,0;Divorced;Adm-clerical;Not-in-family;White;Male;0,0;0,0;48,0;United-States;<=50K;ok;0,6342918276786804;2,933356206461787;2,0;3,77;100,0;0,0
206;44,9375;Private;179130,125;Bachelors;8,0;Married-civ-spouse;Craft-repair;Not-in-family;White;Male;0,0;1887,0000000000002;40,0;United-States;<=50K;ok;3,5238406658172607;2,933356206461787;5,0;3,77;100,0;0,0
207;50,0;State-gov;24790,0;7th-8th;9,0;Divorced;Handlers-cleaners;Husband;White;Male;0,0;0,0;40,0;United-States;<=50K;ok;2,2347590923309326;2,933356206461787;2,0;3,77;100,0;0,0
208;40,0;Private;122228,6875;Some-college;13,0;Married-civ-spouse;Sales;Husband;White;Male;0,0;0,0;45,0;United-States;<=50K;ok;1,6511105298995972;2,933356206461787;2,0;3,77;100,0;0,0
209;42,0;Self-emp-not-inc;30759,0;HS-grad;9,0;Married-civ-spouse;Exec-managerial;Wife;White;Female;5178,0;0,0;35,0;United-States;<=50K;ok;3,8863391876220703;2,933356206461787;4,0;3,77;100,0;0,0
210;30,75;Private;113364,0;Masters;12,0;Divorced;Craft-repair;Husband;Asian-Pac-Islander;Female;7688,0;0,0;59,0625;United-States;<=50K;ok;4,263546943664551;2,933356206461787;9,0;3,77;100,0;0,0
211;38,0;Private;190776,0;Assoc-acdm;12,0;Divorced;Craft-repair;Unmarried;White;Female;7386,875;0,0;40,0;United-States;<=50K;ok;2,1454076766967773;2,933356206461787;1,0;3,77;100,0;0,0
212;59,0;Private;108929,0;Doctorate;9,0;Never-married;Sales;Not-in-family;White;Male;0,0;0,0;50,0;United-States;<=50K;ok;2,9691805839538574;2,933356206461787;2,0;3,77;100,0;0,0
213;31,6875;State-gov;207937,0;Assoc-voc;13,0;Never-married;Craft-repair;Husband;White;Male;7621,875;0,0;40,625;United-States;<=50K;ok;3,803846836090088;2,933356206461787;7,0;3,77;100,0;0,0
214;28,5;Private;266467,0;HS-grad;9,0;Divorced;Other-service;Own-child;White;Male;7688,0;0,0;25,0;United-States;<=50K;ok;3,81066632270813;2,933356206461787;3,0;3,77;100,0;0,0
215;47,0;Private;115813,0;Bachelors;12,0;Married-civ-spouse;Exec-managerial;Husband;White;Female;0,0;0,0;57,0;United-States;<=50K;ok;3,3094656467437744;2,933356206461787;4,0;3,77;100,0;0,0
216;47,375;Private;240175,0;11th;7,0;Separated;Other-service;Unmarried;Asian-Pac-Islander;Male;7537,250000000001;0,0;22,0;United-States;<=50K;ok;2,189652681350708;2,933356206461787;2,0;3,77;100,0;0,0
217;59,0;;220783,0;10th;6,0;Married-civ-spouse;;Unmarried;White;Male;0,0;1847,9999999999998;40,0;United-States;<=50K;ok;4,490710735321045;2,933356206461787;3,0;3,77;100,0;0,0
218;49,0;Self-emp-not-inc;148254,0;Bachelors;10,0;Married-civ-spouse;Farming-fishing;Not-in-family;White;Female;0,0;1811,25;46,75;United-States;<=50K;ok;3,343179941177368;2,933356206461787;5,0;3,77;100,0;0,0
219;40,875;Self-emp-not-inc;130126,0;Prof-school;15,0;Separated;Prof-specialty;Not-in-family;White;Male;0,0;0,0;79,375;Mexico;<=50K;ok;4,2643046379089355;2,933356206461787;6,0;3,77;100,0;0,0
220;36,0;Private;187731,3125;Prof-school;15,0;Never-married;Exec-managerial;Not-in-family;White;Male;3478,5;0,0;50,0;United-States;<=50K;ok;7,072012424468994;2,933356206461787;2,0;3,77;100,0;0,0
221;26,0;Self-emp-inc;189246,1875;Bachelors;13,0;Never-married;Sales;Husband;White;Male;0,0;0,0;80,0;United-States;<=50K;ok;1,5060890913009644;2,933356206461787;2,0;3,77;100,0;0,0
222;21,0;State-gov;199177,0;HS-grad;10,0;Married-civ-spouse;;Not-in-family;White;Male;7890,0;0,0;39,6875;United-States;<=50K;ok;3,791379451751709;2,933356206461787;6,0;3,77;100,0;0,0
223;52,0;Self-emp-inc;229554,09375;Prof-school;15,0;Never-married;Transport-moving;Husband;White;Male;0,0;0,0;40,0;United-States;<=50K;ok;1,7822649478912354;2,933356206461787;3,0;3,77;100,0;0,0
224;54,0;Private;288992,0;10th;6,0;Married-spouse-absent;Prof-specialty;Unmarried;White;Male;4013,6875;0,0;68,0;United-States;<=50K;ok;3,755713701248169;2,933356206461787;2,0;3,77;100,0;0,0
225;39,125;Private;315291,0;Some-college;9,0;Divorced;Exec-managerial;Unmarried;White;Male;0,0;1902,0;41,25;United-States;<=50K;ok;5,177310943603516;2,933356206461787;8,0;3,77;100,0;0,0
226;40,0;Private;114157,0;HS-grad;10,0;Married-civ-spouse;Sales;Husband;White;Male;0,0;1847,9999999999998;40,0;United-States;<=50K;ok;2,7874362468719482;2,933356206461787;3,0;3,77;100,0;0,0
227;25,0;Federal-gov;113948,0;Bachelors;11,0;Married-civ-spouse;Prof-specialty;Wife;White;Male;0,0;0,0;45,0;United-States;<=50K;ok;3,0304524898529053;2,933356206461787;4,0;3,77;100,0;0,0
228;38,1875;Private;245372,0;Some-college;14,0;Married-civ-spouse;Prof-specialty;Husband;White;Male;5365,8125;0,0;50,0;United-States;<=50K;ok;2,232757568359375;2,933356206461787;4,0;3,77;100,0;0,0
229;44,75;Private;176168,75;Some-college;13,0;Married-civ-spouse;Exec-managerial;Not-in-family;White;Male;0,0;0,0;40,0;;<=50K;ok;1,8461700677871704;2,933356206461787;5,0;3,77;100,0;0,0
230;29,25;Private;312956,0;HS-grad;9,0;Never-married;Sales;Own-child;Asian-Pac-Islander;Male;7298,0;0,0;40,0;United-States;<=50K;ok;3,0863826274871826;2,933356206461787;3,0;3,77;100,0;0,0
231;25,0;Private;187149,0;HS-grad;9,0;Married-civ-spouse;Craft-repair;Own-child;Asian-Pac-Islander;Male;5178,0;0,0;40,0;United-States;<=50K;ok;3,0996243953704834;2,933356206461787;4,0;3,77;100,0;0,0
232;60,0625;Private;130177,375;10th;6,0;Married-civ-spouse;Craft-repair;Husband;White;Male;5473,500000000001;0,0;48,0;United-States;<=50K;ok;1,591486930847168;2,933356206461787;3,0;3,77;100,0;0,0
233;33,0;Private;348618,0;5th-6th;13,0;Married-spouse-absent;Transport-moving;Unmarried;Other;Male;7298,0;0,0;20,0;El-Salvador;<=50K;ok;4,692679405212402;2,933356206461787;2,0;3,77;100,0;0,0
234;31,3125;Private;219086,0;HS-grad;13,0;Married-civ-spouse;Prof-specialty;Own-child;White;Male;0,0;0,0;39,0625;United-States;<=50K;ok;2,469341993331909;2,933356206461787;5,0;3,77;100,0;0,0
235;61,0;Private;57408,0;Bachelors;13,0;Divorced;Adm-clerical;Wife;Asian-Pac-Islander;Female;7953,75;0,0;35,0;United-States;<=50K;ok;3,861328601837158;2,933356206461787;3,0;3,77;100,0;0,0
236;35,0;Private;278632,0;HS-grad;9,0;Married-civ-spouse;Craft-repair;Husband;White;Male;5473,500000000001;0,0;40,0;United-States;<=50K;ok;2,070873498916626;2,933356206461787;2,0;3,77;100,0;0,0
237;31,0;Private;222130,0;Some-college;10,0;Never-married;Adm-clerical;Wife;White;Male;7298,0;0,0;43,0;United-States;<=50K;ok;3,80074143409729;2,933356206461787;3,0;3,77;100,0;0,0
238;71,375;Private;284680,0;HS-grad;9,0;Divorced;Exec-managerial;Wife;White;Female;12499,875000000002;0,0;20,0;United-States;<=50K;ok;4,374934673309326;2,933356206461787;4,0;3,77;100,0;0,0
239;30,0;Self-emp-inc;185497,125;Some-college;10,0;Married-civ-spouse;Craft-repair;Husband;Asian-Pac-Islander;Male;0,0;1887,0000000000002;68,125;United-States;<=50K;ok;2,543248176574707;2,933356206461787;3,0;3,77;100,0;0,0
240;52,28125;Private;35305,0;7th-8th;4,0;Married-civ-spouse;Other-service;Wife;White;Female;7688,0;0,0;7,0;United-States;<=50K;ok;2,9177534580230713;2,933356206461787;4,0;3,77;100,0;0,0
241;47,375;Private;149337,0;Some-college;10,0;Married-civ-spouse;Prof-specialty;Not-in-family;White;Male;0,0;0,0;40,0;United-States;<=50K;ok;1,6678248643875122;2,933356206461787;3,0;3,77;100,0;0,0
242;45,0;Private;101320,0;Masters;13,0;Divorced;Adm-clerical;Husband;White;Male;5473,500000000001;1887,0000000000002;40,0;United-States;<=50K;ok;4,668971061706543;2,933356206461787;6,0;3,77;100,0;0,0
243;57,0;Self-emp-not-inc;39218,18749999997;HS-grad;13,0;Married-civ-spouse;Farming-fishing;Not-in-family;White;Male;0,0;0,0;60,0;United-States;<=50K;ok;1,7664601802825928;2,933356206461787;3,0;3,77;100,0;0,0
244;49,0;Federal-gov;225456,0;Bachelors;13,0;Married-civ-spouse;Exec-managerial;Husband;White;Male;0,0;0,0;60,0;United-States;<=50K;ok;2,756040334701538;2,933356206461787;2,0;3,77;100,0;0,0
245;38,1875;Private;186191,0;HS-grad;9,0;Married-civ-spouse;Exec-managerial;Husband;White;Male;0,0;0,0;55,0;United-States;<=50K;ok;0,23871545493602753;2,933356206461787;2,0;3,77;100,0;0,0
246;36,3125;Self-emp-not-inc;352882,0;Bachelors;9,0;Divorced;Sales;Not-in-family;Asian-Pac-Islander;Female;4432,125;2471,0;70,0;South;<=50K;ok;4,215600490570068;2,933356206461787;6,0;3,77;100,0;0,0
247;57,0;Private;337001,0;HS-grad;14,0;Married-civ-spouse;Adm-clerical;Husband;White;Male;0,0;0,0;44,6875;United-States;<=50K;ok;0,7663244605064392;2,933356206461787;3,0;3,77;100,0;0,0
248;41,75;Self-emp-not-inc;328199,0;Assoc-voc;13,0;Never-married;Tech-support;Not-in-family;White;Male;4386,0;0,0;64,0;United-States;<=50K;ok;3,1002018451690674;2,933356206461787;5,0;3,77;100,0;0,0
249;44,875;Federal-gov;282590,875;Bachelors;13,0;Married-civ-spouse;Prof-specialty;Husband;White;Male;0,0;0,0;40,0;Mexico;<=50K;ok;3,326284170150757;2,933356206461787;3,0;3,77;100,0;0,0
250;32,0;Private;72591,0;Masters;9,0;Married-civ-spouse;Craft-repair;Wife;White;Male;0,0;0,0;40,3125;United-States;<=50K;ok;2,818488121032715;2,933356206461787;3,0;3,77;100,0;0,0
251;70,0;Federal-gov;127463,0;HS-grad;9,0;Married-civ-spouse;Exec-managerial;Husband;White;Male;0,0;1847,9999999999998;40,0;United-States;<=50K;ok;3,131798267364502;2,933356206461787;2,0;3,77;100,0;0,0
252;31,15625;Federal-gov;37546,0;Prof-school;13,0;Never-married;Prof-specialty;Not-in-family;White;Male;0,0;0,0;40,0;United-States;<=50K;ok;2,927842855453491;2,933356206461787;4,0;3,77;100,0;0,0
253;34,0;Federal-gov;454076,0;Bachelors;11,0;Married-civ-spouse;Prof-specialty;Husband;White;Male;0,0;0,0;40,0;United-States;<=50K;ok;0,5502350330352783;2,933356206461787;2,0;3,77;100,0;0,0
254;58,0;Self-emp-not-inc;160253,40625;Doctorate;16,0;Married-civ-spouse;Exec-managerial;Husband;White;Male;0,0;0,0;16,000000000000004;United-States;<=50K;ok;1,4295074939727783;2,933356206461787;2,0;3,77;100,0;0,0
255;38,625;Self-emp-not-inc;68839,99999999999;Some-college;10,0;Married-civ-spouse;Exec-managerial;Husband;White;Male;0,0;0,0;40,0;United-States;<=50K;ok;2,6548123359680176;2,933356206461787;2,0;3,77;100,0;0,0
256;39,0;Private;36963,375;HS-grad;14,0;Married-civ-spouse;Exec-managerial;Husband;White;Male;0,0;0,0;50,0;United-States;<=50K;ok;2,674280881881714;2,933356206461787;4,0;3,77;100,0;0,0
257;35,90625;Private;184519,6875;10th;13,0;Never-married;Farming-fishing;Own-child;White;Male;7397,000000000001;0,0;62,4375;United-States;<=50K;ok;4,217307090759277;2,933356206461787;6,0;3,77;100,0;0,0
258;46,0;Private;186770,625;Bachelors;10,0;Married-civ-spouse;Machine-op-inspct;Husband;White;Male;0,0;0,0;50,0;United-States;<=50K;ok;1,6510753631591797;2,933356206461787;2,0;3,77;100,0;0,0
259;35,0;Federal-gov;194591,0;Some-college;9,0;Married-civ-spouse;Tech-support;Husband;White;Male;5260,0;0,0;40,0;United-States;<=50K;ok;1,717400074005127;2,933356206461787;3,0;3,77;100,0;0,0
260;51,0;Private;299932,1875;Bachelors;13,0;Never-married;Adm-clerical;Unmarried;White;Male;7512,0;0,0;20,0;United-States;<=50K;ok;2,1817634105682373;2,933356206461787;2,0;3,77;100,0;0,0
261;26,0;Federal-gov;28535,375;Assoc-acdm;12,0;Married-civ-spouse;Adm-clerical;Wife;White;Female;0,0;0,0;40,0;United-States;<=50K;ok;1,4523351192474365;2,933356206461787;2,0;3,77;100,0;0,0
262;25,0;Private;209313,25;Bachelors;9,0;Married-civ-spouse;Machine-op-inspct;Own-child;White;Female;4416,0;1902,0;40,0;United-States;<=50K;ok;3,767575263977051;2,933356206461787;5,0;3,77;100,0;0,0
263;57,0;Private;278228,0;Bachelors;13,0;Married-civ-spouse;Other-service;Husband;White;Male;0,0;0,0;40,625;United-States;<=50K;ok;1,2380133867263794;2,933356206461787;2,0;3,77;100,0;0,0
264;25,0;Private;263773,0;Some-college;10,0;Married-civ-spouse;Adm-clerical;Wife;Asian-Pac-Islander;Female;5473,500000000001;0,0;40,0;United-States;<=50K;ok;2,658099412918091;2,933356206461787;2,0;3,77;100,0;0,0
265;38,9375;Private;193648,5;Bachelors;9,0;Separated;Other-service;Wife;White;Female;0,0;1847,9999999999998;43,0;United-States;<=50K;ok;7,999168395996094;2,933356206461787;7,0;3,77;100,0;0,0
266;28,5625;Private;216871,0;Bachelors;13,0;Married-civ-spouse;Prof-specialty;Not-in-family;White;Male;0,0;117,9375;60,0;United-States;<=50K;ok;1,5166969299316406;2,933356206461787;4,0;3,77;100,0;0,0
267;33,0;Private;172714,0;Assoc-voc;11,0;Married-civ-spouse;Prof-specialty;Husband;White;Male;0,0;0,0;40,125;United-States;<=50K;ok;1,6677403450012207;2,933356206461787;2,0;3,77;100,0;0,0
268;39,0;Private;188335,0;Some-college;9,0;Married-civ-spouse;Prof-specialty;Husband;White;Male;0,0;0,0;40,0;United-States;<=50K;ok;2,095679759979248;2,933356206461787;3,0;3,77;100,0;0,0
269;28,25;Private;181291,0;HS-grad;9,0;Never-married;Sales;Own-child;White;Female;7688,0;0,0;39,0625;United-States;<=50K;ok;5,459103584289551;2,933356206461787;5,0;3,77;100,0;0,0
270;36,5625;Federal-gov;152546,9375;11th;13,0;Married-civ-spouse;Exec-managerial;Husband;White;Male;5178,0;0,0;45,3125;United-States;<=50K;ok;4,267687797546387;2,933356206461787;7,0;3,77;100,0;0,0
271;46,875;Private;53481,0;Bachelors;11,0;Married-civ-spouse;Sales;Husband;White;Male;5292,625;0,0;15,000000000000004;United-States;<=50K;ok;1,8671958446502686;2,933356206461787;3,0;3,77;100,0;0,0
272;32,0;Private;119176,0;HS-grad;9,0;Married-civ-spouse;Adm-clerical;Wife;White;Male;5178,0;0,0;44,0;United-States;<=50K;ok;2,6794416904449463;2,933356206461787;2,0;3,77;100,0;0,0
273;45,25;Private;198411,03125;Bachelors;10,0;Married-civ-spouse;Exec-managerial;Husband;White;Male;176,8125;1699,5;45,625;United-States;<=50K;ok;2,3000404834747314;2,933356206461787;7,0;3,77;100,0;0,0
274;31,0;Private;118399,0;11th;7,0;Married-civ-spouse;Machine-op-inspct;Husband;White;Male;5619,75;0,0;40,0;United-States;<=50K;ok;1,6321725845336914;2,933356206461787;1,0;3,77;100,0;0,0
275;44,0;Private;231793,0;Bachelors;9,0;Married-civ-spouse;Exec-managerial;Husband;White;Female;0,0;0,0;52,0;United-States;<=50K;ok;1,6987847089767456;2,933356206461787;3,0;3,77;100,0;0,0
276;33,0;Federal-gov;349341,875;Masters;10,0;Never-married;Protective-serv;Husband;Asian-Pac-Islander;Male;7298,0;0,0;40,3125;United-States;<=50K;ok;4,0764665603637695;2,933356206461787;6,0;3,77;100,0;0,0
277;51,0;Private;244543,0625;Some-college;13,0;Divorced;Adm-clerical;Unmarried;White;Female;7688,0;0,0;40,0;United-States;<=50K;ok;2,5626397132873535;2,933356206461787;3,0;3,77;100,0;0,0
278;33,0;Federal-gov;351141,0;HS-grad;9,0;Married-civ-spouse;Machine-op-inspct;Husband;White;Male;0,0;0,0;40,0;United-States;<=50K;ok;1,4383877515792847;2,933356206461787;2,0;3,77;100,0;0,0
279;36,0;Self-emp-not-inc;122603,18750000001;Bachelors;13,0;Married-civ-spouse;Adm-clerical;Wife;White;Female;0,0;0,0;38,0;United-States;<=50K;ok;4,0502400398254395;2,933356206461787;6,0;3,77;100,0;0,0
280;34,0;Private;227086,71875;Bachelors;13,0;Divorced;Craft-repair;Not-in-family;White;Female;5473,500000000001;0,0;40,0;United-States;<=50K;ok;2,669215202331543;2,933356206461787;3,0;3,77;100,0;0,0
281;35,0;Private;265229,875;HS-grad;9,0;Divorced;Other-service;Not-in-family;White;Female;7298,0;0,0;45,0;United-States;<=50K;ok;2,119821071624756;2,933356206461787;2,0;3,77;100,0;0,0
282;47,0;Private;59447,5;HS-grad;10,0;Married-civ-spouse;Prof-specialty;Husband;White;Male;0,0;0,0;50,0;United-States;<=50K;ok;0,44701337814331055;2,933356206461787;2,0;3,77;100,0;0,0
283;33,0;Federal-gov;173005,0;HS-grad;13,0;Married-civ-spouse;Handlers-cleaners;Not-in-family;White;Male;0,0;1982,75;40,9375;United-States;<=50K;ok;1,4787421226501465;2,933356206461787;5,0;3,77;100,0;0,0
284;23,0;Federal-gov;102078,0;Bachelors;13,0;Married-civ-spouse;Sales;Own-child;Asian-Pac-Islander;Male;5178,0;0,0;40,0;United-States;<=50K;ok;2,2497329711914062;2,933356206461787;4,0;3,77;100,0;0,0
285;20,0;State-gov;193416,0;Some-college;13,0;Married-civ-spouse;Prof-specialty;Wife;White;Male;0,0;1769,0625;40,0;United-States;<=50K;ok;4,343043804168701;2,933356206461787;7,0;3,77;100,0;0,0
286;56,75;Private;237588,6875;HS-grad;9,0;Married-civ-spouse;Machine-op-inspct;Husband;Asian-Pac-Islander;Male;0,0;0,0;40,0;United-States;<=50K;ok;0,2618420422077179;2,933356206461787;2,0;3,77;100,0;0,0
287;49,0;Private;158521,1875;HS-grad;9,0;Married-civ-spouse;Machine-op-inspct;Husband;White;Male;0,0;0,0;40,0;United-States;<=50K;ok;0,9530150890350342;2,933356206461787;2,0;3,77;100,0;0,0
288;41,0;Private;78865,84375000001;Prof-school;9,0;Married-civ-spouse;Other-service;Wife;White;Female;0,0;0,0;38,0;United-States;<=50K;ok;3,0269341468811035;2,933356206461787;6,0;3,77;100,0;0,0
289;28,0;Private;261561,0;Bachelors;13,0;Never-married;Prof-specialty;Not-in-family;White;Female;7298,0;0,0;39,875;United-States;<=50K;ok;2,1436352729797363;2,933356206461787;3,0;3,77;100,0;0,0
290;21,0;Private;119534,78124999999;Some-college;10,0;Married-civ-spouse;Other-service;Wife;White;Female;7641,562500000001;0,0;30,0;United-States;<=50K;ok;3,4970154762268066;2,933356206461787;4,0;3,77;100,0;0,0
291;54,0;Private;421561,0;Some-college;10,0;Widowed;Other-service;Husband;White;Male;0,0;0,0;40,0;Mexico;<=50K;ok;4,505763053894043;2,933356206461787;3,0;3,77;100,0;0,0
292;30,0;Federal-gov;255486,0;HS-grad;9,0;Married-civ-spouse;Sales;Husband;White;Male;0,0;0,0;40,0;United-States;<=50K;ok;2,7359867095947266;2,933356206461787;4,0;3,77;100,0;0,0
293;36,4375;Self-emp-not-inc;71721,75;Assoc-voc;11,0;Married-civ-spouse;Exec-managerial;Husband;White;Male;0,0;117,9375;55,0;United-States;<=50K;ok;0,2913059592247009;2,933356206461787;4,0;3,77;100,0;0,0
294;47,625;Federal-gov;346116,0625;11th;10,0;Married-spouse-absent;Craft-repair;Not-in-family;White;Male;274,125;117,9375;41,09375;United-States;<=50K;ok;2,5729711055755615;2,933356206461787;8,0;3,77;100,0;0,0
295;32,0;State-gov;110171,0;HS-grad;10,0;Married-civ-spouse;Exec-managerial;Wife;White;Female;3269,5;1902,0;40,0;United-States;<=50K;ok;2,038762092590332;2,933356206461787;3,0;3,77;100,0;0,0
296;45,0;State-gov;207948,09375;HS-grad;9,0;Married-civ-spouse;Tech-support;Unmarried;White;Female;0,0;1887,0000000000002;40,0;United-States;<=50K;ok;2,950798988342285;2,933356206461787;3,0;3,77;100,0;0,0
297;52,8125;Private;204447,0;HS-grad;14,0;Married-civ-spouse;Machine-op-inspct;Wife;White;Female;4111,875;1867,5000000000002;40,0;United-States;<=50K;ok;4,8460774421691895;2,933356206461787;6,0;3,77;100,0;0,0
298;33,0;Federal-gov;40142,0;HS-grad;9,0;Married-civ-spouse;Protective-serv;Husband;White;Male;5178,0;0,0;56,0;United-States;<=50K;ok;1,5038728713989258;2,933356206461787;1,0;3,77;100,0;0,0
299;60,0;Self-emp-inc;83850,0;Some-college;11,0;Married-civ-spouse;Craft-repair;Husband;White;Male;0,0;0,0;40,625;United-States;<=50K;ok;2,636915445327759;2,933356206461787;5,0;3,77;100,0;0,0
300;29,0;Private;228185,78125;Assoc-voc;11,0;Married-civ-spouse;Tech-support;Husband;White;Male;0,0;2099,3124999999995;40,0;United-States;<=50K;ok;0,16221043467521667;2,933356206461787;2,0;3,77;100,0;0,0
301;45,0;Federal-gov;37306,0;11th;9,0;Married-civ-spouse;Craft-repair;Husband;White;Female;428,0625;39,0625;44,625;United-States;<=50K;ok;3,9203009605407715;2,933356206461787;7,0;3,77;100,0;0,0
302;37,5625;Federal-gov;337505,0;Bachelors;9,0;Married-civ-spouse;Adm-clerical;Husband;Asian-Pac-Islander;Male;0,0;0,0;40,0;Philippines;<=50K;ok;1,7036311626434326;2,933356206461787;3,0;3,77;100,0;0,0
303;44,0;Private;192615,90625;Bachelors;13,0;Married-civ-spouse;Transport-moving;Husband;White;Male;0,0;0,0;39,875;United-States;<=50K;ok;1,667742133140564;2,933356206461787;3,0;3,77;100,0;0,0
304;52,5;Federal-gov;178322,375;12th;8,0;Married-civ-spouse;Adm-clerical;Husband;White;Male;0,0;0,0;40,0;United-States;<=50K;ok;1,4567054510116577;2,933356206461787;3,0;3,77;100,0;0,0
305;69,0;;628797,0;Some-college;9,0;Widowed;;Not-in-family;White;Male;0,0;2282,0;20,0;United-States;<=50K;ok;3,8091721534729004;2,933356206461787;3,0;3,77;100,0;0,0
306;24,0625;Federal-gov;85366,125;Bachelors;15,0;Married-civ-spouse;Exec-managerial;Wife;Amer-Indian-Eskimo;Male;0,0;0,0;46,5625;United-States;<=50K;ok;3,4820804595947266;2,933356206461787;7,0;3,77;100,0;0,0
307;35,0;Self-emp-inc;237713,0;Prof-school;10,0;Never-married;Prof-specialty;Husband;White;Male;0,0;0,0;50,0;United-States;<=50K;ok;2,5788443088531494;2,933356206461787;2,0;3,77;100,0;0,0
308;36,0;Private;127591,375;Bachelors;9,0;Married-civ-spouse;Exec-managerial;Not-in-family;White;Male;0,0;1847,9999999999998;40,0;United-States;<=50K;ok;3,79772686958313;2,933356206461787;5,0;3,77;100,0;0,0
309;37,0;Private;53232,0;Prof-school;9,0;Never-married;Prof-specialty;Not-in-family;Asian-Pac-Islander;Female;244,25;0,0;55,0;United-States;<=50K;ok;2,513028621673584;2,933356206461787;2,0;3,77;100,0;0,0
310;71,5625;Self-emp-inc;93202,0;Bachelors;13,0;Married-civ-spouse;Craft-repair;Husband;Asian-Pac-Islander;Male;0,0;0,0;38,0;United-States;<=50K;ok;4,521841526031494;2,933356206461787;10,0;3,77;100,0;0,0
311;42,25;Self-emp-not-inc;398959,0;Some-college;10,0;Divorced;Adm-clerical;Unmarried;White;Male;0,0;105,84374999999999;40,0;United-States;<=50K;ok;3,0521724224090576;2,933356206461787;6,0;3,77;100,0;0,0
312;66,0;;186638,875;7th-8th;9,0;Married-civ-spouse;;Husband;White;Male;0,0;1847,9999999999998;30,0;United-States;<=50K;ok;3,2494866847991943;2,933356206461787;3,0;3,77;100,0;0,0
313;47,375;Self-emp-not-inc;267439,0;Bachelors;14,0;Married-civ-spouse;Transport-moving;Husband;White;Male;0,0;0,0;60,0;United-States;<=50K;ok;2,229461193084717;2,933356206461787;4,0;3,77;100,0;0,0
314;48,0;Federal-gov;85165,40625;Some-college;11,0;Never-married;Craft-repair;Not-in-family;White;Male;7493,0;0,0;45,0;United-States;<=50K;ok;2,9789884090423584;2,933356206461787;4,0;3,77;100,0;0,0
315;38,0;Federal-gov;236687,0;Some-college;10,0;Never-married;Prof-specialty;Own-child;White;Male;7298,0;0,0;40,3125;United-States;<=50K;ok;2,1197590827941895;2,933356206461787;2,0;3,77;100,0;0,0
316;46,0;Self-emp-not-inc;57929,0;Masters;9,0;Married-civ-spouse;Other-service;Not-in-family;White;Male;5178,0;0,0;25,0;United-States;<=50K;ok;2,5232980251312256;2,933356206461787;4,0;3,77;100,0;0,0
317;39,0;Private;173476,0;HS-grad;15,0;Married-civ-spouse;Craft-repair;Husband;White;Male;5013,0;0,0;40,0;United-States;<=50K;ok;1,1336036920547485;2,933356206461787;2,0;3,77;100,0;0,0
318;55,0;Private;377113,0;Bachelors;13,0;Married-civ-spouse;Transport-moving;Not-in-family;White;Male;4056,1875;0,0;60,0;United-States;<=50K;ok;3,234456777572632;2,933356206461787;2,0;3,77;100,0;0,0
319;38,21875;Federal-gov;91857,0;Some-college;10,0;Married-civ-spouse;Craft-repair;Husband;White;Male;0,0;0,0;41,0;United-States;<=50K;ok;1,3272861242294312;2,933356206461787;2,0;3,77;100,0;0,0
320;57,0;Private;41680,0;Assoc-voc;11,0;Divorced;Tech-support;Not-in-family;Asian-Pac-Islander;Female;7688,0;0,0;40,0;United-States;<=50K;ok;2,9784481525421143;2,933356206461787;3,0;3,77;100,0;0,0
321;40,78125;Self-emp-not-inc;252079,0;Some-college;9,0;Married-civ-spouse;Prof-specialty;Husband;White;Female;0,0;0,0;50,0;United-States;<=50K;ok;2,6397581100463867;2,933356206461787;4,0;3,77;100,0;0,0
322;29,0;Private;161911,40625;Assoc-acdm;13,0;Married-civ-spouse;Exec-managerial;Husband;White;Female;5473,500000000001;0,0;50,0;United-States;<=50K;ok;3,1086344718933105;2,933356206461787;5,0;3,77;100,0;0,0
323;41,0;Private;328013,0;Masters;14,0;Divorced;Exec-managerial;Not-in-family;Asian-Pac-Islander;Female;0,0;0,0;65,0;United-States;<=50K;ok;4,004289627075195;2,933356206461787;3,0;3,77;100,0;0,0
324;44,0;Private;191256,0;HS-grad;9,0;Married-civ-spouse;Machine-op-inspct;Husband;Asian-Pac-Islander;Male;5664,687499999999;0,0;40,0;United-States;<=50K;ok;2,691676139831543;2,933356206461787;2,0;3,77;100,0;0,0
325;55,125;Private;87761,3125;9th;13,0;Divorced;Craft-repair;Husband;Asian-Pac-Islander;Female;7688,0;0,0;40,3125;United-States;<=50K;ok;4,5895819664001465;2,933356206461787;7,0;3,77;100,0;0,0
326;38,75;;109912,0;Masters;13,0;Never-married;Exec-managerial;Husband;White;Female;5178,0;0,0;39,5625;United-States;<=50K;ok;3,5391504764556885;2,933356206461787;7,0;3,77;100,0;0,0
327;34,5625;Self-emp-not-inc;193359,25;Bachelors;15,0;Married-civ-spouse;Farming-fishing;Husband;White;Male;5677,999999999999;0,0;45,0;United-States;<=50K;ok;1,8500275611877441;2,933356206461787;4,0;3,77;100,0;0,0
328;41,75;Private;227169,71875;Bachelors;11,0;Married-civ-spouse;Craft-repair;Not-in-family;White;Female;3302,0;0,0;45,0;United-States;<=50K;ok;3,539738416671753;2,933356206461787;7,0;3,77;100,0;0,0
329;21,0;Federal-gov;38771,0;Bachelors;10,0;Married-civ-spouse;Adm-clerical;Own-child;White;Male;5178,0;0,0;40,0;United-States;<=50K;ok;2,6936557292938232;2,933356206461787;3,0;3,77;100,0;0,0
330;57,0;Private;342906,0;9th;6,0;Married-civ-spouse;Machine-op-inspct;Not-in-family;White;Male;0,0;0,0;55,0;United-States;<=50K;ok;2,5391623973846436;2,933356206461787;4,0;3,77;100,0;0,0
331;40,0;Federal-gov;165726,0;Assoc-voc;13,0;Divorced;Prof-specialty;Unmarried;Asian-Pac-Islander;Female;5634,0;0,0;40,0;United-States;<=50K;ok;3,1560070514678955;2,933356206461787;4,0;3,77;100,0;0,0
332;52,0;Private;112959,0;Some-college;9,0;Widowed;Sales;Husband;White;Female;7688,0;0,0;40,0;United-States;<=50K;ok;2,340014934539795;2,933356206461787;3,0;3,77;100,0;0,0
333;32,0;Private;211678,0;Some-college;9,0;Married-civ-spouse;Handlers-cleaners;Not-in-family;White;Male;0,0;0,0;40,0;United-States;<=50K;ok;2,319145917892456;2,933356206461787;4,0;3,77;100,0;0,0
334;62,5625;Federal-gov;135102,0;HS-grad;9,0;Married-civ-spouse;Transport-moving;Husband;White;Male;0,0;2039,5625000000002;45,0;United-States;<=50K;ok;1,622038722038269;2,933356206461787;3,0;3,77;100,0;0,0
335;48,0;Private;152953,0;7th-8th;4,0;Married-civ-spouse;Craft-repair;Husband;White;Male;5285,5;0,0;32,0;United-States;<=50K;ok;7,988764762878418;2,933356206461787;2,0;3,77;100,0;0,0
336;29,0;Self-emp-not-inc;271466,0;Assoc-voc;11,0;Never-married;Prof-specialty;Husband;White;Male;7298,0;0,0;43,0;United-States;<=50K;ok;2,562960147857666;2,933356206461787;3,0;3,77;100,0;0,0
337;46,0;Federal-gov;260667,0625;Some-college;10,0;Married-civ-spouse;Machine-op-inspct;Not-in-family;White;Female;2354,0;0,0;43,125;United-States;<=50K;ok;1,6676414012908936;2,933356206461787;4,0;3,77;100,0;0,0
338;42,0;Private;99679,0;11th;9,0;Married-civ-spouse;Transport-moving;Other-relative;White;Male;0,0;0,0;60,0;United-States;<=50K;ok;2,9716317653656006;2,933356206461787;2,0;3,77;100,0;0,0
339;39,0;Federal-gov;303677,0;HS-grad;10,0;Divorced;Exec-managerial;Unmarried;White;Female;7621,875;117,9375;15,000000000000004;United-States;<=50K;ok;2,564620018005371;2,933356206461787;4,0;3,77;100,0;0,0
340;36,0;Self-emp-inc;196554,0;HS-grad;9,0;Married-civ-spouse;Craft-repair;Husband;White;Male;5473,500000000001;0,0;46,0;United-States;<=50K;ok;1,5896964073181152;2,933356206461787;1,0;3,77;100,0;0,0
341;25,0;Self-emp-not-inc;460322,0;Bachelors;13,0;Divorced;Sales;Unmarried;Asian-Pac-Islander;Male;0,0;118,40625;46,1875;United-States;<=50K;ok;4,729301452636719;2,933356206461787;7,0;3,77;100,0;0,0
342;38,0;Private;22245,0;11th;14,0;Married-civ-spouse;Transport-moving;Husband;White;Male;0,0;0,0;47,5;United-States;<=50K;ok;3,108208417892456;2,933356206461787;3,0;3,77;100,0;0,0
343;28,0;Private;135567,0;Bachelors;13,0;Never-married;Adm-clerical;Not-in-family;Asian-Pac-Islander;Female;5304,5625;0,0;60,0;United-States;<=50K;ok;0,750023603439331;2,933356206461787;2,0;3,77;100,0;0,0
344;40,0;Private;137304,0;Bachelors;13,0;Never-married;Exec-managerial;Unmarried;Asian-Pac-Islander;Female;7688,0;118,875;65,3125;United-States;<=50K;ok;2,3500583171844482;2,933356206461787;4,0;3,77;100,0;0,0
345;56,0;Self-emp-not-inc;296991,0;HS-grad;15,0;Married-spouse-absent;Prof-specialty;Husband;White;Male;0,0;0,0;55,0;England;<=50K;ok;1,1173795461654663;2,933356206461787;2,0;3,77;100,0;0,0
346;46,1875;Self-emp-not-inc;225648,28125;Bachelors;10,0;Separated;Other-service;Not-in-family;Asian-Pac-Islander;Female;7402,500000000001;0,0;45,0;Nicaragua;<=50K;ok;3,6838479042053223;2,933356206461787;6,0;3,77;100,0;0,0
347;61,125;Private;139413,9375;Bachelors;13,0;Married-civ-spouse;Prof-specialty;Husband;White;Male;5285,5;0,0;7,0;United-States;<=50K;ok;1,6596264839172363;2,933356206461787;3,0;3,77;100,0;0,0
348;19,0;Private;323054,0;HS-grad;9,0;Married-civ-spouse;Sales;Wife;Asian-Pac-Islander;Male;7298,0;0,0;30,0;United-States;<=50K;ok;3,434553861618042;2,933356206461787;3,0;3,77;100,0;0,0
349;52,0;Private;186303,0;Some-college;10,0;Married-civ-spouse;Transport-moving;Not-in-family;White;Male;4695,0;0,0;55,0;Canada;<=50K;ok;3,8717098236083984;2,933356206461787;3,0;3,77;100,0;0,0
350;28,0;Self-emp-not-inc;229313,75;Bachelors;10,0;Married-civ-spouse;Sales;Husband;Amer-Indian-Eskimo;Male;0,0;0,0;60,0;United-States;<=50K;ok;2,2569162845611572;2,933356206461787;3,0;3,77;100,0;0,0
351;26,0625;Federal-gov;88126,0;Bachelors;13,0;Married-civ-spouse;Exec-managerial;Own-child;White;Male;0,0;0,0;40,0;United-States;<=50K;ok;2,033539295196533;2,933356206461787;3,0;3,77;100,0;0,0
352;41,0;Private;462964,0;HS-grad;9,0;Divorced;Exec-managerial;Unmarried;White;Male;3181,125;0,0;50,0;United-States;<=50K;ok;1,7081702947616577;2,933356206461787;2,0;3,77;100,0;0,0
353;27,875;Private;91547,0;Bachelors;14,0;Never-married;Prof-specialty;Not-in-family;White;Female;0,0;97,74999999999999;50,0;United-States;<=50K;ok;2,5482139587402344;2,933356206461787;6,0;3,77;100,0;0,0
354;32,0;Federal-gov;280728,0;Some-college;10,0;Married-civ-spouse;Prof-specialty;Own-child;Asian-Pac-Islander;Female;0,0;0,0;32,0;United-States;<=50K;ok;2,878856658935547;2,933356206461787;4,0;3,77;100,0;0,0
355;34,6875;;182095,75;HS-grad;10,0;Divorced;Exec-managerial;Not-in-family;White;Male;7512,0;0,0;40,0;United-States;<=50K;ok;4,089509963989258;2,933356206461787;6,0;3,77;100,0;0,0
356;42,0;Self-emp-not-inc;34037,0;Doctorate;13,0;Never-married;Prof-specialty;Not-in-family;White;Male;0,0;0,0;50,0;United-States;<=50K;ok;1,8272801637649536;2,933356206461787;2,0;3,77;100,0;0,0
357;36,5;Private;24296,75;Some-college;10,0;Married-civ-spouse;Craft-repair;Husband;White;Male;2909,0625;0,0;60,0;United-States;<=50K;ok;0,9123804569244385;2,933356206461787;3,0;3,77;100,0;0,0
358;65,0;;144770,1875;Bachelors;13,0;Married-civ-spouse;;Wife;White;Male;0,0;0,0;25,0;United-States;<=50K;ok;3,351994514465332;2,933356206461787;4,0;3,77;100,0;0,0
359;54,4375;Federal-gov;116620,0;Masters;10,0;Married-civ-spouse;Prof-specialty;Husband;White;Female;0,0;0,0;39,0625;United-States;<=50K;ok;3,1165037155151367;2,933356206461787;4,0;3,77;100,0;0,0
360;27,0;Private;193898,0;Some-college;13,0;Divorced;Prof-specialty;Husband;White;Female;7512,0;1902,0;52,0;United-States;<=50K;ok;4,615561008453369;2,933356206461787;6,0;3,77;100,0;0,0
361;39,0;Private;192337,0;Bachelors;13,0;Married-civ-spouse;Sales;Not-in-family;White;Female;0,0;0,0;50,0;United-States;<=50K;ok;3,1656670570373535;2,933356206461787;2,0;3,77;100,0;0,0
362;28,25;Federal-gov;238628,0;11th;7,0;Married-civ-spouse;Other-service;Own-child;White;Male;7688,0;0,0;5,0;United-States;<=50K;ok;3,6635942459106445;2,933356206461787;5,0;3,77;100,0;0,0
363;42,6875;Private;108836,0;Some-college;5,0;Married-civ-spouse;Transport-moving;Husband;White;Male;0,0;0,0;41,25;United-States;<=50K;ok;2,6124188899993896;2,933356206461787;3,0;3,77;100,0;0,0
364;19,0;Private;168693,0;Bachelors;10,0;Married-civ-spouse;Tech-support;Wife;White;Male;0,0;118,875;25,0;United-States;<=50K;ok;3,000889778137207;2,933356206461787;7,0;3,77;100,0;0,0
365;32,0;Federal-gov;118308,5625;Bachelors;9,0;Divorced;Prof-specialty;Not-in-family;White;Male;0,0;0,0;55,0;United-States;<=50K;ok;3,446413516998291;2,933356206461787;3,0;3,77;100,0;0,0
366;69,0;;183958,0;HS-grad;9,0;Married-civ-spouse;Exec-managerial;Wife;White;Female;5634,0;0,0;40,0;United-States;<=50K;ok;5,441218376159668;2,933356206461787;5,0;3,77;100,0;0,0
367;27,0;Self-emp-inc;214695,0;HS-grad;9,0;Never-married;Sales;Own-child;Asian-Pac-Islander;Male;7493,0;0,0;60,0;United-States;<=50K;ok;2,275153160095215;2,933356206461787;2,0;3,77;100,0;0,0
368;48,9375;Federal-gov;114648,0;12th;8,0;Married-civ-spouse;Craft-repair;Other-relative;Asian-Pac-Islander;Male;0,0;0,0;40,0;United-States;<=50K;ok;5,658507823944092;2,933356206461787;4,0;3,77;100,0;0,0
369;27,0;Private;127052,5625;Bachelors;13,0;Divorced;Sales;Husband;White;Male;8696,25;135,81250000000003;42,0;United-States;<=50K;ok;3,8834526538848877;2,933356206461787;5,0;3,77;100,0;0,0
370;56,625;State-gov;89451,0;Prof-school;9,0;Married-civ-spouse;Craft-repair;Husband;White;Male;3240,0;0,0;40,0;United-States;<=50K;ok;3,1995418071746826;2,933356206461787;4,0;3,77;100,0;0,0
371;49,875;Private;136100,0;Some-college;10,0;Married-civ-spouse;Sales;Husband;White;Male;0,0;0,0;45,0;United-States;<=50K;ok;0,3519829213619232;2,933356206461787;2,0;3,77;100,0;0,0
372;34,0;Self-emp-inc;513977,0;HS-grad;9,0;Divorced;Craft-repair;Not-in-family;Asian-Pac-Islander;Male;5383,750000000001;0,0;50,0;United-States;<=50K;ok;1,5636298656463623;2,933356206461787;1,0;3,77;100,0;0,0
373;52,5625;Federal-gov;99777,0;Assoc-acdm;12,0;Married-civ-spouse;Prof-specialty;Husband;Asian-Pac-Islander;Male;3103,0;0,0;44,375;United-States;<=50K;ok;1,6236659288406372;2,933356206461787;4,0;3,77;100,0;0,0
374;39,125;Private;188909,125;HS-grad;11,0;Never-married;Machine-op-inspct;Husband;Asian-Pac-Islander;Male;7688,0;115,49999999999999;48,0;United-States;<=50K;ok;3,909640073776245;2,933356206461787;7,0;3,77;100,0;0,0
375;31,0;Private;204775,6875;HS-grad;11,0;Married-civ-spouse;Sales;Husband;White;Male;0,0;0,0;50,0;United-States;<=50K;ok;0,8421773314476013;2,933356206461787;2,0;3,77;100,0;0,0
376;30,0;Private;36383,0;Bachelors;13,0;Married-civ-spouse;Craft-repair;Husband;White;Male;0,0;0,0;40,0;United-States;<=50K;ok;3,949586868286133;2,933356206461787;2,0;3,77;100,0;0,0
377;58,0;Federal-gov;26947,0;Assoc-voc;11,0;Widowed;Prof-specialty;Husband;Amer-Indian-Eskimo;Female;7802,437500000001;0,0;40,0;United-States;<=50K;ok;3,374551773071289;2,933356206461787;5,0;3,77;100,0;0,0
378;29,125;Private;250639,0;Some-college;10,0;Never-married;Other-service;Husband;White;Male;7688,0;0,0;24,0;United-States;<=50K;ok;2,9110007286071777;2,933356206461787;3,0;3,77;100,0;0,0
379;51,0;Private;120914,0;Bachelors;10,0;Married-civ-spouse;Farming-fishing;Own-child;White;Male;0,0;0,0;40,0;United-States;<=50K;ok;3,3475406169891357;2,933356206461787;3,0;3,77;100,0;0,0
380;28,5625;Private;359001,0;Assoc-voc;10,0;Never-married;Transport-moving;Husband;White;Male;15023,999999999998;101,74999999999999;50,0;Mexico;<=50K;ok;3,7308835983276367;2,933356206461787;5,0;3,77;100,0;0,0
381;33,9375;Self-emp-not-inc;258474,0;10th;9,0;Never-married;Farming-fishing;Own-child;White;Male;7298,0;0,0;40,0;United-States;<=50K;ok;2,774078845977783;2,933356206461787;3,0;3,77;100,0;0,0
382;58,0;;169982,0;Assoc-voc;10,0;Married-civ-spouse;;Husband;Asian-Pac-Islander;Male;0,0;0,0;40,0;United-States;<=50K;ok;2,8720273971557617;2,933356206461787;2,0;3,77;100,0;0,0
383;55,0;Federal-gov;159558,75;HS-grad;10,0;Married-civ-spouse;Exec-managerial;Husband;White;Male;0,0;0,0;40,0;United-States;<=50K;ok;2,4189507961273193;2,933356206461787;3,0;3,77;100,0;0,0
384;29,0;Private;185819,25;Assoc-voc;10,0;Married-civ-spouse;Machine-op-inspct;Husband;White;Male;5178,0;0,0;40,0;United-States;<=50K;ok;1,561259150505066;2,933356206461787;3,0;3,77;100,0;0,0
385;34,9375;Private;99156,0;Bachelors;13,0;Divorced;Sales;Not-in-family;White;Male;0,0;0,0;50,0;United-States;<=50K;ok;3,012178659439087;2,933356206461787;2,0;3,77;100,0;0,0
386;33,5;Private;175837,0;Masters;14,0;Never-married;Prof-specialty;Wife;White;Female;0,0;0,0;40,0;United-States;<=50K;ok;4,915523529052734;2,933356206461787;6,0;3,77;100,0;0,0
387;49,5;Private;102147,0;HS-grad;14,0;Married-civ-spouse;Craft-repair;Husband;White;Male;0,0;0,0;40,0;United-States;<=50K;ok;2,1240787506103516;2,933356206461787;2,0;3,77;100,0;0,0
388;46,09375;Federal-gov;281647,0;Bachelors;13,0;Divorced;Transport-moving;Husband;White;Male;5541,0;0,0;43,0;United-States;<=50K;ok;1,846320629119873;2,933356206461787;5,0;3,77;100,0;0,0
389;57,0;Private;204419,03125;10th;10,0;Married-civ-spouse;Craft-repair;Husband;White;Male;0,0;0,0;40,0;United-States;<=50K;ok;4,127536773681641;2,933356206461787;2,0;3,77;100,0;0,0
390;56,0;Private;134195,0;Masters;14,0;Married-civ-spouse;Exec-managerial;Not-in-family;White;Male;0,0;0,0;50,0;United-States;<=50K;ok;2,4291868209838867;2,933356206461787;2,0;3,77;100,0;0,0
391;29,125;Private;72886,99999999999;Bachelors;10,0;Never-married;Other-service;Own-child;Asian-Pac-Islander;Male;7802,437500000001;0,0;24,0;United-States;<=50K;ok;2,8610997200012207;2,933356206461787;3,0;3,77;100,0;0,0
392;37,0;Private;111362,25;Bachelors;11,0;Married-civ-spouse;Craft-repair;Husband;White;Male;0,0;1847,9999999999998;39,0625;United-States;<=50K;ok;2,5002522468566895;2,933356206461787;4,0;3,77;100,0;0,0
393;27,0;Self-emp-not-inc;65308,000000000015;Prof-school;15,0;Married-civ-spouse;Farming-fishing;Husband;White;Male;0,0;0,0;50,0;United-States;<=50K;ok;2,644190549850464;2,933356206461787;2,0;3,77;100,0;0,0
394;43,0;Private;293176,0;Bachelors;13,0;Divorced;Sales;Husband;White;Male;0,0;0,0;39,8125;United-States;<=50K;ok;1,5061702728271484;2,933356206461787;2,0;3,77;100,0;0,0
395;56,0;Private;193106,1875;HS-grad;9,0;Separated;Prof-specialty;Unmarried;White;Male;5473,500000000001;1894,5000000000002;39,9375;United-States;<=50K;ok;3,4349138736724854;2,933356206461787;5,0;3,77;100,0;0,0
396;41,0625;Private;216256,0;Bachelors;9,0;Married-civ-spouse;Sales;Husband;White;Male;3031,0;0,0;30,0;United-States;<=50K;ok;3,4644124507904053;2,933356206461787;5,0;3,77;100,0;0,0
397;31,5;Private;28031,0;Prof-school;5,0;Married-civ-spouse;Other-service;Wife;White;Male;0,0;0,0;16,000000000000004;United-States;<=50K;ok;3,1174256801605225;2,933356206461787;4,0;3,77;100,0;0,0
398;42,0;Self-emp-not-inc;27795,5625;Assoc-acdm;12,0;Married-civ-spouse;Farming-fishing;Husband;White;Male;5155,8125;0,0;50,0;United-States;<=50K;ok;1,4850033521652222;2,933356206461787;4,0;3,77;100,0;0,0
399;46,0;State-gov;146305,0;Some-college;10,0;Divorced;Tech-support;Wife;Other;Female;7512,0;0,0;47,5;United-States;<=50K;ok;3,1300127506256104;2,933356206461787;3,0;3,77;100,0;0,0
400;33,0;Private;393712,0;Bachelors;9,0;Never-married;Adm-clerical;Own-child;White;Female;7298,0;0,0;20,0;United-States;<=50K;ok;2,459608554840088;2,933356206461787;3,0;3,77;100,0;0,0
401;18,0;Federal-gov;301814,0;Bachelors;14,0;Married-civ-spouse;Sales;Not-in-family;White;Female;7298,0;0,0;28,125;United-States;<=50K;ok;3,5150277614593506;2,933356206461787;6,0;3,77;100,0;0,0
402;51,0;Self-emp-inc;54342,0;Prof-school;15,0;Divorced;Prof-specialty;Not-in-family;White;Female;5013,0;0,0;60,0;United-States;<=50K;ok;6,98751163482666;2,933356206461787;2,0;3,77;100,0;0,0
403;43,0;Private;192381,0;Assoc-voc;13,0;Never-married;Other-service;Own-child;White;Female;5285,5;1847,9999999999998;41,0;United-States;<=50K;ok;3,738043785095215;2,933356206461787;6,0;3,77;100,0;0,0
404;46,0;Private;102308,0;Bachelors;10,0;Never-married;Prof-specialty;Not-in-family;White;Female;193,9374999999999;1919,25;41,375;United-States;<=50K;ok;4,068637847900391;2,933356206461787;9,0;3,77;100,0;0,0
405;31,0;Private;104509,0;Bachelors;10,0;Married-civ-spouse;Exec-managerial;Unmarried;White;Male;0,0;0,0;35,0;United-States;<=50K;ok;3,695329189300537;2,933356206461787;4,0;3,77;100,0;0,0
406;30,3125;Private;246974,0;HS-grad;11,0;Married-civ-spouse;Tech-support;Not-in-family;White;Female;0,0;1887,0000000000002;40,0;United-States;<=50K;ok;3,783843755722046;2,933356206461787;5,0;3,77;100,0;0,0
407;28,0;Self-emp-not-inc;347054,84375;Bachelors;9,0;Married-civ-spouse;Adm-clerical;Husband;Asian-Pac-Islander;Male;8288,0625;0,0;50,0;United-States;<=50K;ok;3,288410186767578;2,933356206461787;7,0;3,77;100,0;0,0
408;43,0;Self-emp-not-inc;25005,0;Masters;9,0;Married-civ-spouse;Handlers-cleaners;Husband;White;Male;5013,0;1887,0000000000002;13,75;United-States;<=50K;ok;4,229461669921875;2,933356206461787;4,0;3,77;100,0;0,0
409;50,0;Private;767403,0;Assoc-voc;9,0;Married-civ-spouse;Craft-repair;Husband;White;Male;3103,0;0,0;39,75;United-States;<=50K;ok;1,260979175567627;2,933356206461787;3,0;3,77;100,0;0,0
410;50,0;Private;76487,0;11th;7,0;Married-civ-spouse;Craft-repair;Husband;White;Male;0,0;0,0;50,0;United-States;<=50K;ok;1,0119725465774536;2,933356206461787;2,0;3,77;100,0;0,0
411;36,125;State-gov;242016,75;Bachelors;10,0;Married-civ-spouse;Exec-managerial;Unmarried;White;Female;0,0;1887,0000000000002;41,0;United-States;<=50K;ok;4,4769744873046875;2,933356206461787;8,0;3,77;100,0;0,0
412;52,0;Self-emp-not-inc;26741,375;Bachelors;9,0;Married-civ-spouse;Machine-op-inspct;Not-in-family;White;Male;0,0;0,0;45,0;United-States;<=50K;ok;2,2270407676696777;2,933356206461787;4,0;3,77;100,0;0,0
413;38,1875;Federal-gov;93140,0;Masters;9,0;Separated;Adm-clerical;Unmarried;Asian-Pac-Islander;Male;0,0;0,0;38,5;United-States;<=50K;ok;3,0954573154449463;2,933356206461787;6,0;3,77;100,0;0,0
414;43,0;Private;143485,875;HS-grad;9,0;Never-married;Tech-support;Husband;White;Male;0,0;0,0;40,0;United-States;<=50K;ok;1,5060901641845703;2,933356206461787;2,0;3,77;100,0;0,0
415;35,0;Self-emp-inc;210310,0;HS-grad;9,0;Married-civ-spouse;Prof-specialty;Husband;White;Male;0,0;0,0;55,0;United-States;<=50K;ok;0,8169369697570801;2,933356206461787;2,0;3,77;100,0;0,0
416;43,5625;Federal-gov;176802,4375;Bachelors;9,0;Married-civ-spouse;Prof-specialty;Husband;Asian-Pac-Islander;Male;0,0;0,0;40,0;United-States;<=50K;ok;2,769240617752075;2,933356206461787;6,0;3,77;100,0;0,0
417;37,0;Private;161141,0;HS-grad;11,0;Married-civ-spouse;Craft-repair;Other-relative;White;Male;5285,5;0,0;40,0;Portugal;<=50K;ok;2,0728657245635986;2,933356206461787;3,0;3,77;100,0;0,0
418;40,0;Private;421837,0;HS-grad;10,0;Married-civ-spouse;Prof-specialty;Husband;Asian-Pac-Islander;Male;0,0;0,0;40,0;United-States;<=50K;ok;2,397883653640747;2,933356206461787;2,0;3,77;100,0;0,0
419;58,25;Self-emp-inc;53304,0;Bachelors;9,0;Married-civ-spouse;Prof-specialty;Husband;White;Male;0,0;0,0;50,0;United-States;<=50K;ok;2,137650489807129;2,933356206461787;3,0;3,77;100,0;0,0
420;44,0;State-gov;26509,75;Doctorate;13,0;Divorced;Prof-specialty;Not-in-family;White;Female;7922,250000000001;1092,0;40,0;United-States;<=50K;ok;2,621396780014038;2,933356206461787;3,0;3,77;100,0;0,0
421;41,0;Self-emp-not-inc;266604,1875;Assoc-voc;11,0;Never-married;Exec-managerial;Not-in-family;White;Male;0,0;1887,0000000000002;75,0;United-States;<=50K;ok;2,7234466075897217;2,933356206461787;4,0;3,77;100,0;0,0
422;35,375;;136803,75;Masters;9,0;Never-married;Prof-specialty;Wife;White;Male;0,0;0,0;40,0;United-States;<=50K;ok;4,981378555297852;2,933356206461787;8,0;3,77;100,0;0,0
423;66,1875;State-gov;256916,0;HS-grad;9,0;Married-civ-spouse;Exec-managerial;Husband;White;Male;0,0;0,0;45,0;United-States;<=50K;ok;2,216646194458008;2,933356206461787;2,0;3,77;100,0;0,0
424;65,0;;229070,5625;HS-grad;9,0;Married-civ-spouse;;Husband;Asian-Pac-Islander;Female;6249,937500000001;0,0;47,1875;Germany;<=50K;ok;3,5756990909576416;2,933356206461787;5,0;3,77;100,0;0,0
425;21,25;Private;176178,0;Bachelors;10,0;Married-civ-spouse;Sales;Wife;White;Female;0,0;0,0;16,000000000000004;United-States;<=50K;ok;2,5006682872772217;2,933356206461787;4,0;3,77;100,0;0,0
426;38,0;Private;167440,0;HS-grad;14,0;Married-civ-spouse;Adm-clerical;Husband;Asian-Pac-Islander;Male;0,0;1783,125;41,0;United-States;<=50K;ok;4,089070796966553;2,933356206461787;5,0;3,77;100,0;0,0
427;40,0;Private;190854,4375;HS-grad;9,0;Married-civ-spouse;Exec-managerial;Husband;Asian-Pac-Islander;Male;0,0;0,0;45,0;United-States;<=50K;ok;2,130521297454834;2,933356206461787;2,0;3,77;100,0;0,0
428;19,0;Federal-gov;179991,0;Bachelors;9,0;Married-civ-spouse;Other-service;Wife;White;Female;0,0;1783,125;40,0;United-States;<=50K;ok;3,193349838256836;2,933356206461787;6,0;3,77;100,0;0,0
429;26,03125;Self-emp-not-inc;192384,0;HS-grad;10,0;Married-civ-spouse;Sales;Husband;White;Female;0,0;1941,5000000000005;31,875;United-States;<=50K;ok;5,386735916137695;2,933356206461787;9,0;3,77;100,0;0,0
430;26,1875;Self-emp-not-inc;157145,0;Masters;10,0;Married-civ-spouse;Farming-fishing;Wife;White;Male;0,0;1968,75;10,0;United-States;<=50K;ok;2,145883798599243;2,933356206461787;5,0;3,77;100,0;0,0
431;55,0;Private;92215,0;Some-college;9,0;Divorced;Adm-clerical;Not-in-family;White;Female;7298,0;0,0;39,875;United-States;<=50K;ok;2,38836407661438;2,933356206461787;3,0;3,77;100,0;0,0
432;59,0;Federal-gov;53612,0;Masters;14,0;Separated;Prof-specialty;Husband;Asian-Pac-Islander;Male;7953,75;0,0;35,0;United-States;<=50K;ok;3,6175107955932617;2,933356206461787;3,0;3,77;100,0;0,0
433;57,25;Private;171155,5;HS-grad;9,0;Married-civ-spouse;Machine-op-inspct;Husband;Asian-Pac-Islander;Female;3411,0;1887,0000000000002;35,0;United-States;<=50K;ok;7,285190582275391;2,933356206461787;6,0;3,77;100,0;0,0
434;48,0;Self-emp-not-inc;212954,0;Some-college;10,0;Divorced;Craft-repair;Husband;White;Male;0,0;0,0;60,0;United-States;<=50K;ok;2,00740647315979;2,933356206461787;2,0;3,77;100,0;0,0
435;41,0;Private;106679,0;Masters;14,0;Never-married;Craft-repair;Not-in-family;White;Male;3777,375;0,0;50,0;United-States;<=50K;ok;6,9892072677612305;2,933356206461787;2,0;3,77;100,0;0,0
436;52,0;Private;311350,0;HS-grad;9,0;Divorced;Transport-moving;Not-in-family;White;Male;5634,0;0,0;50,0;United-States;<=50K;ok;1,6363112926483154;2,933356206461787;1,0;3,77;100,0;0,0
437;67,0;Private;228200,0;HS-grad;9,0;Married-civ-spouse;Machine-op-inspct;Husband;White;Male;7512,0;0,0;20,0;United-States;<=50K;ok;4,723416328430176;2,933356206461787;5,0;3,77;100,0;0,0
438;53,0;Private;167651,0;HS-grad;9,0;Married-civ-spouse;Craft-repair;Husband;White;Male;213,1875;0,0;40,0;United-States;<=50K;ok;0,061917126178741455;2,933356206461787;1,0;3,77;100,0;0,0
439;34,0;Private;243932,3125;Masters;9,0;Married-civ-spouse;Machine-op-inspct;Husband;White;Male;5285,5;0,0;40,3125;Poland;<=50K;ok;2,5960519313812256;2,933356206461787;4,0;3,77;100,0;0,0
440;66,0;Private;31362,0;Some-college;15,0;Married-civ-spouse;Craft-repair;Wife;White;Male;0,0;0,0;40,0;United-States;<=50K;ok;5,854394435882568;2,933356206461787;5,0;3,77;100,0;0,0
441;29,0;Private;127892,0;HS-grad;13,0;Married-civ-spouse;Sales;Husband;White;Male;5458,249999999999;0,0;45,0;United-States;<=50K;ok;1,6780775785446167;2,933356206461787;2,0;3,77;100,0;0,0
442;28,0;Federal-gov;47907,0;HS-grad;13,0;Never-married;Exec-managerial;Not-in-family;White;Female;8696,25;0,0;40,0;United-States;<=50K;ok;2,992363214492798;2,933356206461787;4,0;3,77;100,0;0,0
443;31,0;State-gov;191001,0;HS-grad;9,0;Married-civ-spouse;Sales;Husband;White;Female;0,0;1783,125;40,125;United-States;<=50K;ok;3,5065298080444336;2,933356206461787;5,0;3,77;100,0;0,0
444;34,4375;Self-emp-not-inc;203170,625;Bachelors;13,0;Married-civ-spouse;Exec-managerial;Not-in-family;White;Male;4854,375;0,0;55,0;United-States;<=50K;ok;1,4453611373901367;2,933356206461787;5,0;3,77;100,0;0,0
445;36,0;Self-emp-not-inc;186035,0;Prof-school;15,0;Married-civ-spouse;Sales;Wife;White;Female;0,0;0,0;30,0;United-States;<=50K;ok;3,5756452083587646;2,933356206461787;2,0;3,77;100,0;0,0
446;30,0;Private;175312,875;Assoc-voc;11,0;Divorced;Exec-managerial;Wife;White;Female;0,0;0,0;52,0;United-States;<=50K;ok;1,506087303161621;2,933356206461787;2,0;3,77;100,0;0,0
447;34,0;Private;339324,0;Bachelors;13,0;Never-married;Tech-support;Not-in-family;Asian-Pac-Islander;Male;0,0;1887,0000000000002;40,0;United-States;<=50K;ok;4,143489360809326;2,933356206461787;3,0;3,77;100,0;0,0
448;35,6875;Private;128611,0;Some-college;10,0;Divorced;Exec-managerial;Husband;White;Male;5285,5;0,0;45,0;United-States;<=50K;ok;1,6346758604049683;2,933356206461787;4,0;3,77;100,0;0,0
449;34,0625;Private;106761,0;Bachelors;13,0;Never-married;Sales;Husband;White;Male;0,0;0,0;45,0;United-States;<=50K;ok;1,5060956478118896;2,933356206461787;2,0;3,77;100,0;0,0
450;34,0;Federal-gov;172579,0;HS-grad;11,0;Divorced;Adm-clerical;Unmarried;White;Male;5285,5;115,49999999999999;40,0;United-States;<=50K;ok;4,0735344886779785;2,933356206461787;6,0;3,77;100,0;0,0
451;29,25;Private;597535,75;Bachelors;9,0;Married-civ-spouse;Exec-managerial;Husband;White;Male;0,0;1887,0000000000002;40,0;United-States;<=50K;ok;2,6209168434143066;2,933356206461787;5,0;3,77;100,0;0,0
452;52,5;Self-emp-inc;128116,1875;7th-8th;6,0;Divorced;Exec-managerial;Husband;White;Male;0,0;0,0;60,0;United-States;<=50K;ok;2,0405051708221436;2,933356206461787;4,0;3,77;100,0;0,0
453;28,25;Private;174645,0;HS-grad;11,0;Married-civ-spouse;Prof-specialty;Not-in-family;White;Female;0,0;1902,0;40,625;United-States;<=50K;ok;3,9217686653137207;2,933356206461787;7,0;3,77;100,0;0,0
454;25,0;Private;210794,0;HS-grad;9,0;Married-civ-spouse;Prof-specialty;Own-child;White;Female;5473,500000000001;1887,0000000000002;40,625;United-States;<=50K;ok;3,787421941757202;2,933356206461787;6,0;3,77;100,0;0,0
455;22,0;Private;385077,0;HS-grad;9,0;Never-married;Sales;Husband;Asian-Pac-Islander;Male;8975,25;0,0;39,875;United-States;<=50K;ok;4,554936408996582;2,933356206461787;5,0;3,77;100,0;0,0
456;50,0;Federal-gov;254148,0;Some-college;10,0;Married-civ-spouse;Farming-fishing;Husband;White;Male;0,0;1894,5000000000002;40,0;Mexico;<=50K;ok;2,5475873947143555;2,933356206461787;1,0;3,77;100,0;0,0
457;46,0;Self-emp-not-inc;245204,5;Prof-school;10,0;Separated;Prof-specialty;Not-in-family;White;Male;0,0;0,0;19,125;United-States;<=50K;ok;0,31168919801712036;2,933356206461787;3,0;3,77;100,0;0,0
458;35,1875;Private;422933,0;Bachelors;13,0;Never-married;Other-service;Not-in-family;White;Male;5285,5;0,0;37,0;United-States;<=50K;ok;1,5351680517196655;2,933356206461787;2,0;3,77;100,0;0,0
459;38,0;Private;174191,75;HS-grad;9,0;Married-civ-spouse;Craft-repair;Husband;White;Male;0,0;1858,8750000000002;50,0;United-States;<=50K;ok;0,2525098919868469;2,933356206461787;2,0;3,77;100,0;0,0
460;43,0;Federal-gov;218309,0;Bachelors;13,0;Married-civ-spouse;Sales;Not-in-family;White;Female;0,0;0,0;50,0;United-States;<=50K;ok;1,6457959413528442;2,933356206461787;2,0;3,77;100,0;0,0
461;41,25;Private;211840,0;Some-college;10,0;Married-civ-spouse;Sales;Not-in-family;White;Male;0,0;0,0;16,000000000000004;United-States;<=50K;ok;4,266369819641113;2,933356206461787;5,0;3,77;100,0;0,0
462;62,0;Self-emp-not-inc;197060,0;Assoc-voc;10,0;Married-civ-spouse;Exec-managerial;Husband;White;Male;0,0;0,0;50,0;United-States;<=50K;ok;0,7846216559410095;2,933356206461787;2,0;3,77;100,0;0,0
463;55,0;;201046,28125;HS-grad;10,0;Married-civ-spouse;Exec-managerial;Husband;White;Male;5634,0;0,0;49,6875;United-States;<=50K;ok;3,117936372756958;2,933356206461787;5,0;3,77;100,0;0,0
464;52,0;Self-emp-not-inc;343481,3125;Bachelors;13,0;Married-civ-spouse;Transport-moving;Husband;White;Female;0,0;0,0;60,0;United-States;<=50K;ok;2,4151601791381836;2,933356206461787;3,0;3,77;100,0;0,0
465;29,875;Private;189759,0;Some-college;13,0;Never-married;Transport-moving;Husband;White;Male;7404,75;0,0;40,0;United-States;<=50K;ok;1,8933433294296265;2,933356206461787;4,0;3,77;100,0;0,0
466;56,0;Private;142234,9375;Assoc-voc;11,0;Married-civ-spouse;Machine-op-inspct;Husband;White;Male;0,0;0,0;45,0;United-States;<=50K;ok;0,9529755711555481;2,933356206461787;2,0;3,77;100,0;0,0
467;63,0;Federal-gov;361631,0;Masters;14,0;Separated;Prof-specialty;Not-in-family;White;Female;5634,0;0,0;40,0;United-States;<=50K;ok;1,7657463550567627;2,933356206461787;2,0;3,77;100,0;0,0
468;58,0;Private;97562,0;HS-grad;9,0;Widowed;Other-service;Wife;White;Female;0,0;0,0;38,0;United-States;<=50K;ok;3,1593286991119385;2,933356206461787;2,0;3,77;100,0;0,0
469;82,0;;33195,5;Bachelors;9,0;Widowed;Exec-managerial;Not-in-family;White;Male;7715,3125;0,0;29,0625;United-States;<=50K;ok;4,6473774909973145;2,933356206461787;6,0;3,77;100,0;0,0
470;34,0;Private;242460,0;Bachelors;13,0;Married-civ-spouse;Prof-specialty;Husband;White;Male;4347,4375;0,0;40,0;United-States;<=50K;ok;1,7276241779327393;2,933356206461787;2,0;3,77;100,0;0,0
471;26,125;Private;430151,0;11th;7,0;Never-married;Craft-repair;Not-in-family;White;Male;7298,0;0,0;30,0;United-States;<=50K;ok;2,7179877758026123;2,933356206461787;3,0;3,77;100,0;0,0
472;57,0;Self-emp-inc;178344,0;Assoc-voc;11,0;Married-civ-spouse;Sales;Not-in-family;White;Male;0,0;0,0;30,0;United-States;<=50K;ok;3,3075296878814697;2,933356206461787;4,0;3,77;100,0;0,0
473;69,0;;320280,0;Some-college;14,0;Never-married;Exec-managerial;Husband;White;Male;7982,437500000001;123,5625;1,0;United-States;<=50K;ok;3,6316871643066406;2,933356206461787;5,0;3,77;100,0;0,0
474;30,0;Private;90308,0;Preschool;1,0;Married-civ-spouse;Other-service;Unmarried;White;Male;7537,250000000001;0,0;28,0;El-Salvador;<=50K;ok;2,657137393951416;2,933356206461787;2,0;3,77;100,0;0,0
475;38,0625;Private;27016,0;HS-grad;9,0;Married-civ-spouse;Farming-fishing;Husband;White;Male;163,625;0,0;43,0;United-States;<=50K;ok;0,047784678637981415;2,933356206461787;2,0;3,77;100,0;0,0
476;41,0;Self-emp-not-inc;174068,9375;HS-grad;9,0;Married-civ-spouse;Craft-repair;Husband;White;Male;5178,0;0,0;50,0;United-States;<=50K;ok;1,504077434539795;2,933356206461787;2,0;3,77;100,0;0,0
477;38,0;Federal-gov;423616,0;HS-grad;9,0;Married-civ-spouse;Sales;Wife;White;Female;5473,500000000001;0,0;24,0;United-States;<=50K;ok;3,0939719676971436;2,933356206461787;2,0;3,77;100,0;0,0
478;51,0;Self-emp-inc;45487,0;Masters;9,0;Married-civ-spouse;Transport-moving;Husband;White;Male;0,0;0,0;80,0;United-States;<=50K;ok;2,00968337059021;2,933356206461787;2,0;3,77;100,0;0,0
479;45,0;Federal-gov;374450,0;HS-grad;9,0;Married-civ-spouse;Transport-moving;Wife;Asian-Pac-Islander;Female;4367,3125;0,0;40,0;United-States;<=50K;ok;2,1433141231536865;2,933356206461787;2,0;3,77;100,0;0,0
480;52,0;Private;203635,0;HS-grad;13,0;Married-civ-spouse;Handlers-cleaners;Husband;Asian-Pac-Islander;Male;4695,0;1847,9999999999998;40,0;United-States;<=50K;ok;3,921456813812256;2,933356206461787;4,0;3,77;100,0;0,0
481;33,1875;Private;351810,0;Bachelors;9,0;Married-civ-spouse;Adm-clerical;Not-in-family;White;Female;0,0;0,0;45,0;United-States;<=50K;ok;4,546683311462402;2,933356206461787;5,0;3,77;100,0;0,0
482;47,1875;Private;186539,0;HS-grad;10,0;Married-civ-spouse;Other-service;Wife;Asian-Pac-Islander;Male;5285,5;0,0;11,875;United-States;<=50K;ok;3,9998788833618164;2,933356206461787;6,0;3,77;100,0;0,0
483;42,0;Private;169995,0;HS-grad;9,0;Married-civ-spouse;Sales;Own-child;White;Male;0,0;0,0;38,625;United-States;<=50K;ok;1,8592476844787598;2,933356206461787;2,0;3,77;100,0;0,0
484;25,0;Private;253345,125;HS-grad;9,0;Never-married;Prof-specialty;Not-in-family;White;Female;7298,0;1932,0;59,375;United-States;<=50K;ok;4,6837158203125;2,933356206461787;8,0;3,77;100,0;0,0
485;60,0;Federal-gov;134768,0;HS-grad;10,0;Married-civ-spouse;Protective-serv;Husband;White;Male;0,0;0,0;41,25;United-States;<=50K;ok;1,1057082414627075;2,933356206461787;2,0;3,77;100,0;0,0
486;29,1875;Federal-gov;162566,96875;Some-college;13,0;Married-civ-spouse;Prof-specialty;Own-child;White;Female;0,0;1902,0;33,8125;United-States;<=50K;ok;3,674738645553589;2,933356206461787;9,0;3,77;100,0;0,0
487;24,0;State-gov;322658,0;Some-college;13,0;Married-civ-spouse;Exec-managerial;Not-in-family;White;Female;7298,0;0,0;40,0;United-States;<=50K;ok;3,0800700187683105;2,933356206461787;3,0;3,77;100,0;0,0
488;53,0;Private;152883,0;HS-grad;14,0;Widowed;Adm-clerical;Not-in-family;Asian-Pac-Islander;Female;7298,0;0,0;40,0;United-States;<=50K;ok;2,9790642261505127;2,933356206461787;2,0;3,77;100,0;0,0
489;39,0;Private;185758,5;Some-college;16,0;Divorced;Exec-managerial;Husband;White;Female;6249,937500000001;2559,0;60,0;England;<=50K;ok;2,3460159301757812;2,933356206461787;4,0;3,77;100,0;0,0
490;29,5625;Federal-gov;238474,0;Some-college;10,0;Never-married;Sales;Own-child;White;Male;7298,0;0,0;25,0;United-States;<=50K;ok;2,376319408416748;2,933356206461787;3,0;3,77;100,0;0,0
491;50,0;Private;145033,0;10th;15,0;Married-civ-spouse;Prof-specialty;Husband;White;Male;135,875;2391,25;60,0;United-States;<=50K;ok;3,852701425552368;2,933356206461787;3,0;3,77;100,0;0,0
492;40,0;Federal-gov;199303,0;Bachelors;11,0;Married-civ-spouse;Prof-specialty;Husband;White;Male;0,0;0,0;40,0;United-States;<=50K;ok;2,0556280612945557;2,933356206461787;4,0;3,77;100,0;0,0
493;39,0;Private;133282,25;Bachelors;9,0;Married-civ-spouse;Sales;Husband;White;Male;3464,0;1902,0;41,40625;United-States;<=50K;ok;3,05964732170105;2,933356206461787;4,0;3,77;100,0;0,0
494;29,0;State-gov;382272,0;Bachelors;13,0;Never-married;Craft-repair;Not-in-family;White;Male;12499,875000000002;0,0;40,0;United-States;<=50K;ok;3,630402088165283;2,933356206461787;1,0;3,77;100,0;0,0
495;23,0;Private;543028,0;Bachelors;13,0;Married-civ-spouse;Sales;Wife;Asian-Pac-Islander;Male;0,0;0,0;40,0;United-States;<=50K;ok;2,575758934020996;2,933356206461787;4,0;3,77;100,0;0,0
496;59,0;Private;152968,0;Assoc-voc;10,0;Married-civ-spouse;Exec-managerial;Other-relative;White;Male;0,0;0,0;40,0;United-States;<=50K;ok;3,2026968002319336;2,933356206461787;4,0;3,77;100,0;0,0
497;31,25;Federal-gov;47039,0;Some-college;10,0;Married-civ-spouse;Prof-specialty;Own-child;White;Male;0,0;0,0;40,3125;United-States;<=50K;ok;2,760695457458496;2,933356206461787;5,0;3,77;100,0;0,0
498;38,0;Federal-gov;41694,75;HS-grad;9,0;Married-civ-spouse;Transport-moving;Not-in-family;White;Female;6849,0;0,0;50,0;United-States;<=50K;ok;2,680790662765503;2,933356206461787;3,0;3,77;100,0;0,0
499;29,34375;Private;23963,25;Bachelors;15,0;Never-married;Other-service;Husband;Amer-Indian-Eskimo;Female;7537,250000000001;0,0;35,0;United-States;<=50K;ok;4,122990131378174;2,933356206461787;6,0;3,77;100,0;0,0
