;X1;X2;X3;X4;X5;X6;X7;X8;X9;X10;X11;X12;X13;X14;X15;X16;X17;X18;X19;X20;X21;X22;X23;
0;;;;;;;;;;;;;;;;;;;;;;;;
1;;1;1;;1;1;1;;1;;1;1;1;1;1;1;1;1;1;1;1;1;;18
2;;;;;;;;;;;;;;;;;;;;;;;;
3;;;;;;;;;;;;;;;;;;;;;;;;
4;;;;;;;;;;;;;;;;;;;;;;;;
5;;;;;;;;;;;;;;;;;;;;;;;;
6;1;1;1;;1;1;;1;;;;1;1;1;1;1;1;1;1;1;1;1;1;18
7;;;;;;;;;;;;;;;;;;;;;;;;
8;;;;;;;;;;;;;;;;;;;;;;;;
9;1;;;;1;;;;;;;1;1;1;1;1;1;1;1;;;;;10
10;;;;;;;;;;;;;;;;;;;;;;;;
11;;;;;;;;;;;;;;;;;;;;;;;;
12;1;;;;1;1;;;;;;1;1;1;1;1;1;1;1;1;1;1;1;15
13;;;;;;;;;;;;;;;;;;;;;;;;
14;;;;;;;;;;;;;;;;;;;;;;;;
15;;;;;;;;;;;;;;;;;;;;;;;;
16;;;;;;;;;;;;;;;;;;;;;;;;
17;;;;;;;;;;;;;;;;;;;;;;;;
18;;;;;;;;;;;;;;;;;;;;;;;;
19;;;;;;;;;;;;;;;;;;;;;;;;
20;;;;;;;;;;;;;;;;;;;;;;;;
21;;;;;;;;;;;;;;;;;;;;;;;;
22;;;1;;1;;;;;;;1;1;1;1;1;1;1;1;1;1;1;1;14
23;;;;;;;;;;;;;;;;;;;;;;;;
24;1;;;;1;1;1;1;1;1;1;1;1;1;1;1;1;1;1;1;1;1;1;20
25;1;;;;1;1;1;;;;;1;1;1;1;1;1;1;1;1;1;1;1;16
26;1;;1;;1;1;;1;;1;;1;1;1;1;1;1;1;1;1;1;1;1;18
27;;;;;;;;;;;;;;;;;;;;;;;;
28;;;;;;;;;;;;;;;;;;;;;;;;
29;1;;;;1;1;1;1;1;1;1;1;1;1;1;1;1;1;1;1;1;1;1;20
30;;;;;;;;;;;;;;;;;;;;;;;;
31;;;;;;;;;;;;;;;;;;;;;;;;
32;;;;;;;;;;;;;;;;;;;;;;;;
33;1;;;;1;1;;;;;;1;1;1;1;1;1;1;1;1;1;1;1;15
34;;;;;;;;;;;;;;;;;;;;;;;;
35;1;;;;1;1;1;1;1;1;1;1;1;1;1;1;1;1;1;1;1;1;1;20
36;;;;;;;;;;;;;;;;;;;;;;;;
37;;;;;;;;;;;;;;;;;;;;;;;;
38;;;;;;;;;;;;;;;;;;;;;;;;
39;;;;;;;;;;;;;;;;;;;;;;;;
40;1;;1;;1;1;;1;1;1;1;1;1;1;1;1;1;;1;1;1;1;1;19
41;;;;;;;;;;;;;;;;;;;;;;;;
42;;;;;;;;;;;;;;;;;;;;;;;;
43;;;;;;;;;;;;;;;;;;;;;;;;
44;;;;;;;;;;;;;;;;;;;;;;;;
45;1;;;;1;;;;;;;1;1;1;1;1;1;1;1;1;1;1;1;14
46;1;;;1;1;;;;;;;1;1;1;1;1;1;1;1;1;1;1;1;15
47;1;;;;1;;;;;;;1;1;1;1;1;1;1;1;1;1;1;1;14
48;;;;;;;;;;;;;;;;;;;;;;;;
49;;;;;;;;;;;;;;;;;;;;;;;;
50;;;;;;;;;;;;;;;;;;;;;;;;
51;1;1;;;1;;;;;;;1;1;1;1;1;1;1;1;1;1;1;1;15
52;1;;;;1;1;;;;;;1;1;1;1;1;1;1;1;1;1;1;1;15
53;;;;;;;;;;;;;;;;;;;;;;;;
54;;;;;;;;;;;;;;;;;;;;;;;;
55;;;;;;;;;;;;;;;;;;;;;;;;
56;1;;;;;;;;;;;1;1;1;1;1;1;1;1;1;1;1;1;13
57;;;;;;;;;;;;;;;;;;;;;;;;
58;;;;;;;;;;;;;;;;;;;;;;;;
59;;;;;;;;;;;;;;;;;;;;;;;;
60;;;;;;;;;;;;;;;;;;;;;;;;
61;;;;;;;;;;;;;;;;;;;;;;;;
62;;;;;;;;;;;;;;;;;;;;;;;;
63;;;;;;;;;;;;;;;;;;;;;;;;
64;;;;;;;;;;;;;;;;;;;;;;;;
65;;;;;;;;;;;;;;;;;;;;;;;;
66;1;;;;1;1;;;;;;1;1;1;1;1;1;1;1;1;;1;1;14
67;;;;;1;;;;;;;1;1;1;1;1;1;1;1;1;1;1;1;13
68;1;1;1;;1;;;;;;;1;1;1;1;1;1;1;1;1;1;1;1;16
69;;;;;;;;;;;;;;;;;;;;;;;;
70;1;;;;1;1;1;;;;;1;1;1;1;1;1;1;1;1;1;1;1;16
71;;;;;;;;;;;;;;;;;;;;;;;;
72;;;;;;;;;;;;;;;;;;;;;;;;
73;1;;1;;1;1;1;1;1;;;1;1;1;1;1;1;1;;1;1;1;1;18
74;1;;1;1;1;;;;;;;1;1;1;1;1;1;1;1;1;1;1;1;16
75;;;;;;;;;;;;;;;;;;;;;;;;
76;;;;;;;;;;;;;;;;;;;;;;;;
77;;;;;;;;;;;;;;;;;;;;;;;;
78;;;;;;;;;;;;;;;;;;;;;;;;
79;;;;;;;;;;;;;;;;;;;;;;;;
80;;;;;;;;;;;;;;;;;;;;;;;;
81;1;1;;;1;1;1;;;;;1;;;;1;;;;;1;;;8
82;;;;;;;;;;;;;;;;;;;;;;;;
83;;;;;;;;;;;;;;;;;;;;;;;;
84;;;;;;;;;;;;;;;;;;;;;;;;
85;;;;;;;;;;;;;;;;;;;;;;;;
86;;;;;;;;;;;;;;;;;;;;;;;;
87;;;;;;;;;;;;;;;;;;;;;;;;
88;1;;1;;1;1;1;;;;;1;1;1;1;1;1;1;1;1;1;1;1;17
89;;;;;;;;;;;;;;;;;;;;;;;;
90;1;1;;1;1;;;;;;;1;1;1;1;1;1;1;1;1;1;1;1;16
91;;;;;;;;;;;;;;;;;;;;;;;;
92;;;;;;;;;;;;;;;;;;;;;;;;
93;1;;;;1;;;;;;;1;1;1;1;1;1;1;1;1;1;1;1;14
94;;;;;;;;;;;;;;;;;;;;;;;;
95;;;;;;;;;;;;;;;;;;;;;;;;
96;;;;;;;;;;;;;;;;;;;;;;;;
97;;;;;;;;;;;;;;;;;;;;;;;;
98;;;;;;;;;;;;;;;;;;;;;;;;
99;;;;;;;;;;;;;;;;;;;;;;;;
100;;;;;;;;;;;;;;;;;;;;;;;;
101;;;;;;;;;;;;;;;;;;;;;;;;
102;;;;;;;;;;;;;;;;;;;;;;;;
103;;;;;;;;;;;;;;;;;;;;;;;;
104;;;;;;;;;;;;;;;;;;;;;;;;
105;;;;;;;;;;;;;;;;;;;;;;;;
106;;;;;;;;;;;;;;;;;;;;;;;;
107;;;;;;;;;;;;;;;;;;;;;;;;
108;1;;1;;1;;;;;;;1;1;1;1;1;1;1;1;1;1;1;1;15
109;;;;;;;;;;;;;;;;;;;;;;;;
110;;;;;;;;;;;;;;;;;;;;;;;;
111;;;;;;;;;;;;;;;;;;;;;;;;
112;;;;;;;;;;;;;;;;;;;;;;;;
113;;;;;;;;;;;;;;;;;;;;;;;;
114;;;;;;;;;;;;;;;;;;;;;;;;
115;;;;;;;;;;;;;;;;;;;;;;;;
116;;;;;;;;;;;;;;;;;;;;;;;;
117;1;1;1;;1;;;;;;;1;1;1;1;1;1;1;1;1;1;1;1;16
118;;;;;;;;;;;;;;;;;;;;;;;;
119;;;;;;;;;;;;;;;;;;;;;;;;
120;1;;1;;1;1;1;1;;;;1;1;1;1;1;1;1;1;1;1;1;1;18
121;1;;;;1;;;;;;;1;1;1;1;1;1;1;1;1;1;1;1;14
122;1;;;;1;;;;;;;1;1;1;1;1;1;1;1;1;1;1;1;14
123;;;;;;;;;;;;;;;;;;;;;;;;
124;;;;;;;;;;;;;;;;;;;;;;;;
125;;;;;;;;;;;;;;;;;;;;;;;;
126;;;;;;;;;;;;;;;;;;;;;;;;
127;;;;;;;;;;;;;;;;;;;;;;;;
128;;;;;;;;;;;;;;;;;;;;;;;;
129;;;;;;;;;;;;;;;;;;;;;;;;
130;;;;;;;;;;;;;;;;;;;;;;;;
131;;;;;;;;;;;;;;;;;;;;;;;;
132;1;;;;1;;;;;;;1;1;1;1;1;1;1;1;1;1;1;1;14
133;;;;;;;;;;;;;;;;;;;;;;;;
134;;;;;;;;;;;;;;;;;;;;;;;;
135;;;;;;;;;;;;;;;;;;;;;;;;
136;1;;1;;1;;;;;;;1;1;1;1;1;1;1;1;1;1;1;1;15
137;;;;;;;;;;;;;;;;;;;;;;;;
138;1;1;;;1;1;1;1;1;1;1;1;1;1;1;1;1;1;1;1;1;1;;20
139;1;;;;1;;1;;;1;1;1;1;1;1;1;1;1;1;1;1;1;1;17
140;;;;;;;;;;;;;;;;;;;;;;;;
141;;;;;;;;;;;;;;;;;;;;;;;;
142;;;;;;;;;;;;;;;;;;;;;;;;
143;;;;;;;;;;;;;;;;;;;;;;;;
144;;;;;;;;;;;;;;;;;;;;;;;;
145;1;;;;1;;;;;;;1;1;1;1;1;1;1;1;1;1;1;1;14
146;;;;;;;;;;;;;;;;;;;;;;;;
147;1;1;1;;1;1;1;;;;;1;1;1;1;1;1;1;1;1;1;1;1;18
148;1;;;;1;;;1;;;;1;1;1;1;1;1;1;1;1;1;1;1;15
149;1;;1;1;1;1;1;1;1;1;;1;1;1;1;1;1;1;1;1;1;1;1;21
150;;;;;;;;;;;;;;;;;;;;;;;;
151;1;1;;;1;;;;;;;1;1;1;1;1;1;1;1;1;1;1;1;15
152;;;;;;;;;;;;;;;;;;;;;;;;
153;1;;;;1;1;;;;;;1;1;1;1;1;1;1;1;1;1;1;1;15
154;;;;;;;;;;;;;;;;;;;;;;;;
155;;;;;;;;;;;;;;;;;;;;;;;;
156;;;;;;;;;;;;;;;;;;;;;;;;
157;;;;;;;;;;;;;;;;;;;;;;;;
158;;;1;;1;1;;1;;;1;1;1;1;1;1;1;1;1;1;1;1;1;17
159;1;;;;;;;;;;;1;1;1;1;1;1;1;1;1;1;1;1;13
160;;;;;;;;;;;;;;;;;;;;;;;;
161;;;;;;;;;;;;;;;;;;;;;;;;
162;;;;;;;;;;;;;;;;;;;;;;;;
163;;;;;;;;;;;;;;;;;;;;;;;;
164;;;;;;;;;;;;;;;;;;;;;;;;
165;;;;;;;;;;;;;;;;;;;;;;;;
166;1;;;;;;;;1;;;1;1;1;1;1;1;1;1;;1;1;1;13
167;;;;;;;;;;;;;;;;;;;;;;;;
168;;;;;;;;;;;;;;;;;;;;;;;;
169;;;;;;;;;;;;;;;;;;;;;;;;
170;1;1;1;;1;;;;;;;;;;1;1;;;;1;1;;;8
171;;;;;;;;;;;;;;;;;;;;;;;;
172;;;;;;;;;;;;;;;;;;;;;;;;
173;1;;;;1;;;;;;;1;1;1;1;1;1;1;1;1;1;1;1;14
174;;;;;;;;;;;;;;;;;;;;;;;;
175;;;;;;;;;;;;;;;;;;;;;;;;
176;1;;1;;1;;;1;1;1;1;1;1;1;1;1;1;1;1;1;1;1;1;19
177;1;1;;;1;1;1;1;1;;;1;1;1;1;1;1;1;1;1;1;1;1;19
178;;;;;;;;;;;;;;;;;;;;;;;;
179;;;;;;;;;;;;;;;;;;;;;;;;
180;1;1;;;1;1;1;1;;;1;1;1;1;1;1;1;1;1;1;1;1;1;19
181;1;;1;;1;;;;;;;1;1;1;1;1;1;1;1;1;1;1;1;15
182;;;;;;;;;;;;;;;;;;;;;;;;
183;;;;;;;;;;;;;;;;;;;;;;;;
184;;;;;;;;;;;;;;;;;;;;;;;;
185;1;;1;;1;1;;1;1;;1;1;1;1;1;1;1;1;1;1;;1;;17
186;;;;;;;;;;;;;;;;;;;;;;;;
187;1;;;;;1;;1;;;;1;1;1;1;1;1;1;1;1;1;1;1;15
188;;;;;;;;;;;;;;;;;;;;;;;;
189;;;;;;;;;;;;;;;;;;;;;;;;
190;1;;1;1;1;;;;;;;1;1;1;1;1;1;1;1;1;1;1;1;16
191;;;;;;;;;;;;;;;;;;;;;;;;
192;;;;;;;;;;;;;;;;;;;;;;;;
193;;;;;;;;;;;;;;;;;;;;;;;;
194;1;;;;1;;;;;;1;1;1;1;1;1;1;1;1;1;1;1;1;15
195;1;;;;1;1;;;1;1;1;1;1;1;1;1;1;1;1;1;;1;;16
196;;;;;;;;;;;;;;;;;;;;;;;;
197;;;;;;;;;;;;;;;;;;;;;;;;
198;1;;;1;1;;;1;;;1;1;1;1;1;1;1;1;1;1;1;1;1;17
199;;;;;;;;;;;;;;;;;;;;;;;;
200;1;;1;;1;1;;;1;1;1;1;1;1;1;1;1;1;1;1;1;1;1;19
201;;;;;;;;;;;;;;;;;;;;;;;;
202;;;;;;;;;;;;;;;;;;;;;;;;
203;;;;;;;;;;;;;;;;;;;;;;;;
204;1;;1;;1;;;;;;;1;1;1;1;1;1;1;1;1;1;1;1;15
205;;;;;;;;;;;;;;;;;;;;;;;;
206;;;;;;;;;;;;;;;;;;;;;;;;
207;1;;;;1;1;;;;;;1;1;1;1;1;1;1;1;1;1;1;1;15
208;1;1;1;1;1;1;;1;;1;;1;1;1;1;1;1;1;1;1;1;;1;19
209;1;;1;1;1;1;;1;1;1;1;1;1;1;1;1;1;1;1;1;1;;;19
210;;;;;;;;;;;;;;;;;;;;;;;;
211;;;;;;;;;;;;;;;;;;;;;;;;
212;;;;;;;;;;;;;;;;;;;;;;;;
213;;;;;;;;;;;;;;;;;;;;;;;;
214;;;;;;;;;;;;;;;;;;;;;;;;
215;;;;;;;;;;;;;;;;;;;;;;;;
216;;;;;;;;;;;;;;;;;;;;;;;;
217;;;;;;;;;;;;;;;;;;;;;;;;
218;1;;;;1;;;;;;;1;1;1;1;1;1;1;1;1;1;1;1;14
219;;;;;;;;;;;;;;;;;;;;;;;;
220;1;;;;;;;;;;;1;1;1;1;1;1;1;1;1;1;1;1;13
221;1;;;;1;;;;;;;1;1;1;1;1;1;1;1;1;1;1;1;14
222;;;;;;;;;;;;;;;;;;;;;;;;
223;;;;;;;;;;;;;;;;;;;;;;;;
224;;;;;;;;;;;;;;;;;;;;;;;;
225;;;;;;;;;;;;;;;;;;;;;;;;
226;;;;;;;;;;;;;;;;;;;;;;;;
227;1;;;;1;1;1;1;1;1;1;1;1;1;1;1;;1;1;1;1;;1;18
228;;;;;;;;;;;;;;;;;;;;;;;;
229;;;;;;;;;;;;;;;;;;;;;;;;
230;;;;;;;;;;;;;;;;;;;;;;;;
231;;;;;;;;;;;;;;;;;;;;;;;;
232;;;;;;;;;;;;;;;;;;;;;;;;
233;;;;;;;;;;;;;;;;;;;;;;;;
234;;;;;;;;;;;;;;;;;;;;;;;;
235;1;;;;1;;;;;;;1;1;1;1;1;1;1;1;1;1;1;1;14
236;;;;;;;;;;;;;;;;;;;;;;;;
237;;;;;;;;;;;;;;;;;;;;;;;;
238;1;1;1;;1;1;1;;1;;;1;1;1;1;1;1;1;1;1;1;1;1;19
239;;;;;;;;;;;;;;;;;;;;;;;;
240;;;;;;;;;;;;;;;;;;;;;;;;
241;;;;;;;;;;;;;;;;;;;;;;;;
242;;;;;;;;;;;;;;;;;;;;;;;;
243;1;1;1;;1;1;1;1;;1;1;1;1;1;1;1;1;1;1;1;1;1;1;21
244;;;;;;;;;;;;;;;;;;;;;;;;
245;;;;;;;;;;;;;;;;;;;;;;;;
246;1;;;;1;1;1;;;;1;1;1;1;1;1;1;1;1;1;1;1;1;17
247;;;;;;;;;;;;;;;;;;;;;;;;
248;;;;;;;;;;;;;;;;;;;;;;;;
249;;;;;;;;;;;;;;;;;;;;;;;;
250;1;1;;;1;;;;;;;1;1;1;1;1;1;1;1;1;1;1;1;15
251;;;;;;;;;;;;;;;;;;;;;;;;
252;;;;;;;;;;;;;;;;;;;;;;;;
253;;;;;;;;;;;;;;;;;;;;;;;;
254;1;;;;1;1;1;;1;1;1;1;1;1;1;1;1;1;1;1;1;1;1;19
255;1;1;1;;1;;;1;1;1;1;1;1;1;1;1;1;1;1;1;1;1;1;20
256;;;;;;;;;;;;;;;;;;;;;;;;
257;;;;;;;;;;;;;;;;;;;;;;;;
258;;;;;;;;;;;;;;;;;;;;;;;;
259;;;;;;;;;;;;;;;;;;;;;;;;
260;;;;;;;;;;;;;;;;;;;;;;;;
261;;;;;;;;;;;;;;;;;;;;;;;;
262;;;;;;;;;;;;;;;;;;;;;;;;
263;;;;;;;;;;;;;;;;;;;;;;;;
264;;;;;;;;;;;;;;;;;;;;;;;;
265;;;;;;;;;;;;;;;;;;;;;;;;
266;;;;;;;;;;;;;;;;;;;;;;;;
267;1;;;;;1;;;;;;1;1;1;1;1;1;1;1;1;1;1;1;14
268;;;;;;;;;;;;;;;;;;;;;;;;
269;;;;;;;;;;;;;;;;;;;;;;;;
270;;;;;;;;;;;;;;;;;;;;;;;;
271;;;;;;;;;;;;;;;;;;;;;;;;
272;1;;;;1;;;1;;;1;1;1;1;1;1;1;1;1;1;1;1;1;16
273;;;;;;;;;;;;;;;;;;;;;;;;
274;;;;;;;;;;;;;;;;;;;;;;;;
275;;;;;;;;;;;;;;;;;;;;;;;;
276;1;;1;;1;1;;;;;;1;1;1;1;1;1;1;1;1;1;1;;15
277;;;;;;;;;;;;;;;;;;;;;;;;
278;;;;;;;;;;;;;;;;;;;;;;;;
279;;;;;;;;;;;;;;;;;;;;;;;;
280;;;;;;;;;;;;;;;;;;;;;;;;
281;;;;;1;1;1;1;1;;;1;1;1;1;1;1;1;1;1;1;1;1;17
282;1;;;;;;;;;;;1;1;1;1;1;1;1;1;1;1;1;1;13
283;;;;;;;;;;;;;;;;;;;;;;;;
284;1;;;;1;;;;;;;1;1;1;1;1;1;1;1;1;1;1;1;14
285;;;;;;;;;;;;;;;;;;;;;;;;
286;1;;1;;1;;;1;1;;1;1;1;1;1;1;1;1;;1;;1;1;16
287;1;;;;1;1;;;;;;1;1;1;1;1;1;;1;;1;1;1;13
288;;;;;;;;;;;;;;;;;;;;;;;;
289;;;;;;;;;;;;;;;;;;;;;;;;
290;;;;;;;;;;;;;;;;;;;;;;;;
291;;;;;;;;;;;;;;;;;;;;;;;;
292;;;;;;;;;;;;;;;;;;;;;;;;
293;;;;;;;;;;;;;;;;;;;;;;;;
294;;;;;;;;;;;;;;;;;;;;;;;;
295;1;;;;1;;;;;;;1;1;1;1;1;1;1;1;1;1;1;1;14
296;1;;;;1;;;;;;;1;1;1;1;1;1;1;1;1;1;1;1;14
297;1;;;;1;;;;;1;1;1;1;1;1;1;1;1;1;;1;1;1;15
298;;;;;;;;;;;;;;;;;;;;;;;;
299;;;;;;;;;;;;;;;;;;;;;;;;
300;1;;;;1;1;1;1;1;1;1;1;1;1;1;1;1;1;1;1;1;1;1;20
301;;;;;;;;;;;;;;;;;;;;;;;;
302;;;;;1;;;;;;;1;1;1;1;1;1;1;1;1;1;1;1;13
303;1;;1;;1;;;;;;;1;1;1;1;1;1;1;1;1;1;1;1;15
304;;1;1;;1;;;;;;;1;1;1;1;1;1;1;1;1;1;1;1;15
305;;;;;;;;;;;;;;;;;;;;;;;;
306;;;;;;;;;;;;;;;;;;;;;;;;
307;;;;;;;;;;;;;;;;;;;;;;;;
308;;;;;;;;;;;;;;;;;;;;;;;;
309;;;;;;;;;;;;;;;;;;;;;;;;
310;;;;;;;;;;;;;;;;;;;;;;;;
311;;;;;;;;;;;;;;;;;;;;;;;;
312;;;;;;;;;;;;;;;;;;;;;;;;
313;;;;;;;;;;;;;;;;;;;;;;;;
314;;;;;;;;;;;;;;;;;;;;;;;;
315;;;;;;;;;;;;;;;;;;;;;;;;
316;;;;;;;;;;;;;;;;;;;;;;;;
317;;;;;;;;;;;;;;;;;;;;;;;;
318;;;;;;;;;;;;;;;;;;;;;;;;
319;;;;;;;;;;;;;;;;;;;;;;;;
320;;;;;;;;;;;;;;;;;;;;;;;;
321;;;;;;;;;;;;;;;;;;;;;;;;
322;;;;;;;;;;;;;;;;;;;;;;;;
323;;;;;;;;;;;;;;;;;;;;;;;;
324;;;;;;;;;;;;;;;;;;;;;;;;
325;;;;;;;;;;;;;;;;;;;;;;;;
326;;;;;;;;;;;;;;;;;;;;;;;;
327;;;;;;;;;;;;;;;;;;;;;;;;
328;;;;;;;;;;;;;;;;;;;;;;;;
329;;;;;;;;;;;;;;;;;;;;;;;;
330;;;;;;;;;;;;;;;;;;;;;;;;
331;;;;;;;;;;;;;;;;;;;;;;;;
332;;;;;;;;;;;;;;;;;;;;;;;;
333;;;;;;;;;;;;;;;;;;;;;;;;
334;;;;;;;;;;;;;;;;;;;;;;;;
335;;;;;;;;;;;;;;;;;;;;;;;;
336;;;;;;;;;;;;;;;;;;;;;;;;
337;;;;;;;;;;;;;;;;;;;;;;;;
338;;;;;;;;;;;;;;;;;;;;;;;;
339;;;;;;;;;;;;;;;;;;;;;;;;
340;;;;;;;;;;;;;;;;;;;;;;;;
341;;;;;;;;;;;;;;;;;;;;;;;;
342;;;;;;;;;;;;;;;;;;;;;;;;
343;;;;;;;;;;;;;;;;;;;;;;;;
344;;;;;;;;;;;;;;;;;;;;;;;;
345;;;;;;;;;;;;;;;;;;;;;;;;
346;;;;;;;;;;;;;;;;;;;;;;;;
347;;;;;;;;;;;;;;;;;;;;;;;;
348;;;;;;;;;;;;;;;;;;;;;;;;
349;;;1;1;1;1;;;;;;1;1;1;1;1;1;1;1;1;1;1;1;16
350;;;;;;;;;;;;;;;;;;;;;;;;
351;1;;;;1;1;;;;;1;1;1;1;1;1;1;1;1;1;1;1;1;16
352;1;;1;;1;;;;;;;1;1;1;1;1;1;;1;1;1;1;1;14
353;;;;;;;;;;;;;;;;;;;;;;;;
354;;;;;;;;;;;;;;;;;;;;;;;;
355;1;;;;1;;;;;;;1;1;1;1;1;1;1;1;1;1;1;1;14
356;;;;;;;;;;;;;;;;;;;;;;;;
357;;;;;;;;;;;;;;;;;;;;;;;;
358;;;;;;;;;;;;;;;;;;;;;;;;
359;;;;;;;;;;;;;;;;;;;;;;;;
360;;;;;;;;;;;;;;;;;;;;;;;;
361;;;;;;;;;;;;;;;;;;;;;;;;
362;1;;;;1;1;1;;;;1;1;1;1;1;1;1;1;1;;1;1;;15
363;;;;;;;;;;;;;;;;;;;;;;;;
364;;;;;;;;;;;;;;;;;;;;;;;;
365;1;;;;1;;;;;;;1;1;1;1;1;1;1;1;1;1;1;1;14
366;;;;;;;;;;;;;;;;;;;;;;;;
367;;;;;;;;;;;;;;;;;;;;;;;;
368;;;;;;;;;;;;;;;;;;;;;;;;
369;;;;;;;;;;;;;;;;;;;;;;;;
370;;;;;;;;;;;;;;;;;;;;;;;;
371;1;;1;;1;1;;;;;;1;1;1;1;1;1;1;1;1;1;1;1;16
372;;;;;;;;;;;;;;;;;;;;;;;;
373;;;;;;;;;;;;;;;;;;;;;;;;
374;1;1;1;;1;;;;;;;1;1;1;1;1;1;1;1;1;1;1;1;16
375;;;;;;;;;;;;;;;;;;;;;;;;
376;;;;;;;;;;;;;;;;;;;;;;;;
377;1;;;1;1;;;;;;;1;1;1;1;1;1;1;1;1;1;1;1;15
378;1;1;1;;1;;;;;;;1;1;1;1;1;1;1;1;1;1;1;1;16
379;1;;;;1;;1;1;;;1;1;1;1;1;1;1;1;1;1;1;1;1;17
380;;;;;;;;;;;;;;;;;;;;;;;;
381;1;;;;1;;;1;;1;;1;1;1;1;1;1;1;1;1;1;1;1;16
382;;;;;;;;;;;;;;;;;;;;;;;;
383;;;;;;;;;;;;;;;;;;;;;;;;
384;1;;;;;;;;;;;1;1;1;1;1;1;1;1;1;1;1;1;13
385;1;;1;;1;1;;1;1;;;1;1;1;1;1;1;1;1;1;1;1;1;18
386;;;;;;;;;;;;;;;;;;;;;;;;
387;;;;;;;;;;;;;;;;;;;;;;;;
388;;;;;;;;;;;;;;;;;;;;;;;;
389;;;;;1;;;;;;;1;1;1;1;1;1;1;1;1;1;1;1;13
390;;;;;;;;;;;;;;;;;;;;;;;;
391;;;;;;;;;;;;;;;;;;;;;;;;
392;;;;;;;;;;;;;;;;;;;;;;;;
393;;;;;;;;;;;;;;;;;;;;;;;;
394;1;;1;;1;1;1;1;1;1;1;1;1;1;1;1;1;1;1;1;1;1;1;21
395;;;;;;;;;;;;;;;;;;;;;;;;
396;;;;;;;;;;;;;;;;;;;;;;;;
397;;1;;1;1;;;1;;;;1;1;1;1;1;1;1;1;1;1;1;1;16
398;;;;;;;;;;;;;;;;;;;;;;;;
399;;;;;;;;;;;;;;;;;;;;;;;;
400;;;;;;;;;;;;;;;;;;;;;;;;
401;;;;;;;;;;;;;;;;;;;;;;;;
402;1;;1;;1;1;;;;;;1;1;1;1;1;1;;1;1;1;1;1;15
403;;;;;;;;;;;;;;;;;;;;;;;;
404;1;;;;;;;;;;;1;1;1;1;1;1;1;1;1;1;1;1;13
405;;;;;;;;;;;;;;;;;;;;;;;;
406;1;1;1;;1;;;1;1;;1;1;1;1;1;1;1;1;1;1;1;;1;18
407;;;;;;;;;;;;;;;;;;;;;;;;
408;;;;;;;;;;;;;;;;;;;;;;;;
409;;;;;;;;;;;;;;;;;;;;;;;;
410;;;;;;;;;;;;;;;;;;;;;;;;
411;;;;;;;;;;;;;;;;;;;;;;;;
412;;;;;;;;;;;;;;;;;;;;;;;;
413;;;;;;;;;;;;;;;;;;;;;;;;
414;;;;;;;;;;;;;;;;;;;;;;;;
415;;;;;;;;;;;;;;;;;;;;;;;;
416;;;;;;;;;;;;;;;;;;;;;;;;
417;;;1;1;1;;;;;;;1;1;1;1;1;1;1;1;1;1;1;1;15
418;;;;;;;;;;;;;;;;;;;;;;;;
419;;;;;;;;;;;;;;;;;;;;;;;;
420;;;;;;;;;;;;;;;;;;;;;;;;
421;;;;;;;;;;;;;;;;;;;;;;;;
422;;;;;;;;;;;;;;;;;;;;;;;;
423;;;;;;;;;;;;;;;;;;;;;;;;
424;;;;;;;;;;;;;;;;;;;;;;;;
425;;;;;;;;;;;;;;;;;;;;;;;;
426;;;;;;;;;;;;;;;;;;;;;;;;
427;;;;;;;;;;;;;;;;;;;;;;;;
428;;;;;;;;;;;;;;;;;;;;;;;;
429;;;;;;;;;;;;;;;;;;;;;;;;
430;;;;;;;;;;;;;;;;;;;;;;;;
431;1;;1;;1;1;;1;1;1;1;1;1;1;1;1;1;1;1;1;1;1;1;20
432;;;;;;;;;;;;;;;;;;;;;;;;
433;;;;;;;;;;;;;;;;;;;;;;;;
434;;;;;;;;;;;;;;;;;;;;;;;;
435;;;;;;;;;;;;;;;;;;;;;;;;
436;;;;;;;;;;;;;;;;;;;;;;;;
437;;;;;;;;;;;;;;;;;;;;;;;;
438;1;1;;;1;;;;;;;1;1;1;1;1;1;1;1;1;1;1;1;15
439;;;;;;;;;;;;;;;;;;;;;;;;
440;;;;;;;;;;;;;;;;;;;;;;;;
441;1;;1;;1;1;1;1;1;1;1;1;1;;1;1;1;1;;1;;1;1;18
442;;;;;;;;;;;;;;;;;;;;;;;;
443;;;;;;;;;;;;;;;;;;;;;;;;
444;1;;;;1;;;;;;;1;1;1;1;1;1;;;;1;;1;10
445;;;;;;;;;;;;;;;;;;;;;;;;
446;;;;;;;;;;;;;;;;;;;;;;;;
447;1;1;1;;1;1;1;1;;1;1;1;1;1;1;1;1;1;1;1;1;1;1;21
448;;;;;;;;;;;;;;;;;;;;;;;;
449;1;;;;1;1;1;1;;1;1;1;1;1;1;1;1;1;;;1;;;15
450;;;;;;;;;;;;;;;;;;;;;;;;
451;1;;1;;1;;1;1;;1;1;1;1;1;1;1;1;1;1;;1;1;1;18
452;;;;;;;;;;;;;;;;;;;;;;;;
453;;;;;;;;;;;;;;;;;;;;;;;;
454;;;;;;;;;;;;;;;;;;;;;;;;
455;1;;;;;1;1;;1;;;1;1;1;1;1;1;1;1;1;1;1;1;16
456;;;;;;;;;;;;;;;;;;;;;;;;
457;1;;1;;1;1;;;;;;1;1;1;1;1;1;1;1;1;1;1;1;16
458;1;;;;1;;;1;1;1;1;1;1;1;1;1;1;1;1;1;;;;15
459;;;;;;;;;;;;;;;;;;;;;;;;
460;1;;1;1;1;;;;;;;1;1;1;1;1;1;1;1;1;1;1;1;16
461;;;;;;;;;;;;;;;;;;;;;;;;
462;;;;;;;;;;;;;;;;;;;;;;;;
463;;;;;;;;;;;;;;;;;;;;;;;;
464;;;;;;;;;;;;;;;;;;;;;;;;
465;;;;;;;;;;;;;;;;;;;;;;;;
466;;;;;;;;;;;;;;;;;;;;;;;;
467;;;;;;;;;;;;;;;;;;;;;;;;
468;;;;;;;;;;;;;;;;;;;;;;;;
469;1;;;;1;;;;1;;1;1;1;1;1;1;1;1;1;1;1;1;1;16
470;;;;;;;;;;;;;;;;;;;;;;;;
471;;;;;;;;;;;;;;;;;;;;;;;;
472;1;;;;1;1;;1;1;;;1;1;1;1;1;1;1;1;1;1;1;1;17
473;;;;;;;;;;;;;;;;;;;;;;;;
474;1;;1;;1;;;;;;;1;1;1;1;1;1;;;;;;;9
475;;;;;;;;;;;;;;;;;;;;;;;;
476;;;;;;;;;;;;;;;;;;;;;;;;
477;1;;;;1;1;1;1;1;1;1;1;1;1;1;1;1;1;1;1;1;1;1;20
478;1;1;1;;;;;;;;;1;1;1;1;1;1;1;1;1;1;1;1;15
479;;;;;;;;;;;;;;;;;;;;;;;;
480;;;;;;;;;;;;;;;;;;;;;;;;
481;;;;;;;;;;;;;;;;;;;;;;;;
482;;;;;;;;;;;;;;;;;;;;;;;;
483;1;1;;;1;1;1;;;;;1;1;1;1;1;1;1;1;1;1;1;1;17
484;;;;;;;;;;;;;;;;;;;;;;;;
485;1;1;1;1;1;;;;;;;1;1;1;1;1;1;1;1;1;1;1;1;17
486;;;;;1;1;1;1;1;1;1;1;1;1;1;1;1;1;1;1;1;1;1;19
487;;;;;;;;;;;;;;;;;;;;;;;;
488;1;;;1;1;;;;;;;1;1;1;1;1;1;1;1;1;1;1;1;15
489;1;;;;1;1;1;;1;;;1;1;1;1;1;1;1;1;1;1;1;1;17
490;1;;1;;1;1;;;1;;1;1;1;1;1;1;1;1;1;1;1;1;1;18
491;;;;;;;;;;;;;;;;;;;;;;;;
492;;;;;;;;;;;;;;;;;;;;;;;;
493;;;;;;;;;;;;;;;;;;;;;;;;
494;;;;;;;;;;;;;;;;;;;;;;;;
495;1;;1;;1;1;;;1;;;1;1;1;1;1;1;1;1;1;1;1;1;17
496;;;;;;;;;;;;;;;;;;;;;;;;
497;;;;;;;;;;;;;;;;;;;;;;;;
498;1;1;;;1;;;;;;;1;1;1;1;1;1;1;1;1;1;1;1;15
499;;;;;;;;;;;;;;;;;;;;;;;;
total;54;13;21;6;54;27;16;18;13;10;14;57;56;56;57;58;56;55;55;55;54;55;51;15,85820896
