;age;workclass;fnlwgt;education;education-num;marital-status;occupation;relationship;race;sex;capital-gain;capital-loss;hours-per-week;native-country;income;predict;euclidean;euclidean_medio;hamming;hamming_medio;cobertura_pct;erro_pct
0;20;Private;190772;Assoc-acdm;12;Never-married;Other-service;Not-in-family;White;Female;90250;0;40;United-States;>50K;ok;2,6254472732543945;2,3446127113103867;1,0;1,62;100,0;0,0
1;28;Private;172297;Masters;14;Married-civ-spouse;Adm-clerical;Husband;White;Male;0;1902;40;United-States;<=50K;ok;0,9756761789321899;2,3446127113103867;1,0;1,62;100,0;0,0
2;55;Local-gov;48055;12th;8;Widowed;Adm-clerical;Not-in-family;White;Female;9883;0;40;United-States;>50K;ok;0,2875046730041504;2,3446127113103867;1,0;1,62;100,0;0,0
3;52;Private;202115;HS-grad;9;Married-civ-spouse;Other-service;Wife;White;Female;29855;0;25;United-States;>50K;ok;0,868506669998169;2,3446127113103867;1,0;1,62;100,0;0,0
4;49;Private;228583;HS-grad;9;Divorced;Other-service;Unmarried;White;Male;91953;0;40;Columbia;>50K;ok;2,6749887466430664;2,3446127113103867;1,0;1,62;100,0;0,0
5;66;Private;154275;Bachelors;13;Married-civ-spouse;Prof-specialty;Husband;White;Male;0;0;99;United-States;<=50K;ok;0,5221338868141174;2,3446127113103867;1,0;1,62;100,0;0,0
6;24;Private;274398;Some-college;10;Never-married;Adm-clerical;Own-child;Black;Female;62439;0;20;United-States;>50K;ok;1,8164021968841553;2,3446127113103867;1,0;1,62;100,0;0,0
7;58;Federal-gov;200042;Some-college;10;Married-civ-spouse;Exec-managerial;Husband;White;Female;3869;0;40;United-States;<=50K;ok;2,103541135787964;2,3446127113103867;2,0;1,62;100,0;0,0
8;90;Private;456430;HS-grad;9;Married-civ-spouse;Craft-repair;Husband;White;Male;0;0;50;United-States;>50K;ok;4,599616527557373;2,3446127113103867;1,0;1,62;100,0;0,0
9;20;Private;187158;Some-college;10;Never-married;Adm-clerical;Own-child;White;Female;13791;0;15;United-States;>50K;ok;0,4011915922164917;2,3446127113103867;1,0;1,62;100,0;0,0
10;19;Self-emp-not-inc;214627;Bachelors;13;Married-civ-spouse;Sales;Husband;White;Female;0;1977;45;United-States;<=50K;ok;2,80361008644104;2,3446127113103867;2,0;1,62;100,0;0,0
11;21;Private;219086;HS-grad;9;Never-married;Other-service;Own-child;Amer-Indian-Eskimo;Male;38037;0;35;United-States;>50K;ok;4,699156284332275;2,3446127113103867;2,0;1,62;100,0;0,0
12;51;Private;222615;HS-grad;9;Widowed;Machine-op-inspct;Husband;White;Male;0;0;40;Germany;<=50K;ok;4,570470333099365;2,3446127113103867;2,0;1,62;100,0;0,0
13;42;State-gov;119679;HS-grad;9;Married-civ-spouse;Machine-op-inspct;Husband;White;Male;14990;1579;42;United-States;>50K;ok;2,2070159912109375;2,3446127113103867;2,0;1,62;100,0;0,0
14;44;Local-gov;157473;Masters;14;Divorced;Prof-specialty;Not-in-family;White;Female;55613;0;50;United-States;>50K;ok;1,617828130722046;2,3446127113103867;1,0;1,62;100,0;0,0
15;32;Private;328199;Prof-school;11;Never-married;Tech-support;Not-in-family;White;Female;93884;0;64;United-States;>50K;ok;3,1209158897399902;2,3446127113103867;2,0;1,62;100,0;0,0
16;25;Private;469572;Some-college;10;Never-married;Prof-specialty;Not-in-family;White;Male;1086;1738;40;United-States;<=50K;ok;2,987891435623169;2,3446127113103867;2,0;1,62;100,0;0,0
17;35;Private;144322;Assoc-acdm;12;Divorced;Exec-managerial;Not-in-family;White;Female;60460;0;50;United-States;>50K;ok;1,75883150100708;2,3446127113103867;1,0;1,62;100,0;0,0
18;52;Federal-gov;197189;Some-college;10;Married-civ-spouse;Adm-clerical;Husband;White;Male;0;0;21;United-States;<=50K;ok;1,490278959274292;2,3446127113103867;1,0;1,62;100,0;0,0
19;47;Private;158420;Bachelors;13;Never-married;Prof-specialty;Husband;White;Male;0;0;50;Iran;>50K;ok;1,3344370126724243;2,3446127113103867;2,0;1,62;100,0;0,0
20;18;Private;423024;HS-grad;1;Never-married;Other-service;Not-in-family;White;Male;64386;0;20;United-States;>50K;ok;3,2481887340545654;2,3446127113103867;2,0;1,62;100,0;0,0
21;22;Private;385077;HS-grad;9;Never-married;Craft-repair;Own-child;White;Male;56726;0;40;Trinadad&Tobago;>50K;ok;1,5753391981124878;2,3446127113103867;2,0;1,62;100,0;0,0
22;46;Private;555657;Doctorate;16;Divorced;Prof-specialty;Not-in-family;White;Male;0;0;61;United-States;>50K;ok;2,4924216270446777;2,3446127113103867;2,0;1,62;100,0;0,0
23;49;Self-emp-not-inc;225456;Bachelors;9;Married-civ-spouse;Sales;Husband;White;Male;0;0;60;United-States;<=50K;ok;1,3268800973892212;2,3446127113103867;1,0;1,62;100,0;0,0
24;30;Private;173350;Assoc-voc;11;Married-civ-spouse;Adm-clerical;Not-in-family;White;Female;71615;0;40;United-States;>50K;ok;2,173532485961914;2,3446127113103867;2,0;1,62;100,0;0,0
25;42;State-gov;985318;Assoc-voc;11;Married-civ-spouse;Adm-clerical;Husband;White;Male;0;0;45;United-States;>50K;ok;4,206838607788086;2,3446127113103867;2,0;1,62;100,0;0,0
26;61;Private;283613;Bachelors;13;Married-civ-spouse;Prof-specialty;Husband;White;Male;0;0;40;Greece;>50K;ok;4,4816412925720215;2,3446127113103867;2,0;1,62;100,0;0,0
27;30;Private;690111;Bachelors;13;Married-civ-spouse;Other-service;Wife;Asian-Pac-Islander;Female;0;0;40;Philippines;>50K;ok;1,956931233406067;2,3446127113103867;1,0;1,62;100,0;0,0
28;20;Private;173095;Some-college;10;Never-married;Sales;Own-child;Asian-Pac-Islander;Female;27015;0;4;United-States;>50K;ok;3,5142650604248047;2,3446127113103867;2,0;1,62;100,0;0,0
29;52;Private;317625;Masters;14;Divorced;Prof-specialty;Unmarried;White;Female;83124;0;40;United-States;>50K;ok;2,4181458950042725;2,3446127113103867;1,0;1,62;100,0;0,0
30;24;State-gov;215797;Bachelors;13;Never-married;Tech-support;Not-in-family;White;Female;66781;0;40;United-States;>50K;ok;1,9427144527435303;2,3446127113103867;1,0;1,62;100,0;0,0
31;65;Without-pay;27012;7th-8th;4;Widowed;Farming-fishing;Unmarried;White;Female;63468;0;50;United-States;>50K;ok;1,8463366031646729;2,3446127113103867;1,0;1,62;100,0;0,0
32;58;Self-emp-inc;104333;HS-grad;9;Divorced;Sales;Not-in-family;White;Male;67080;0;50;United-States;>50K;ok;1,9514126777648926;2,3446127113103867;1,0;1,62;100,0;0,0
33;32;Private;419691;12th;8;Separated;Sales;Husband;White;Male;19061;0;40;United-States;>50K;ok;1,9398266077041626;2,3446127113103867;2,0;1,62;100,0;0,0
34;66;;182378;7th-8th;4;Married-civ-spouse;;Husband;White;Male;33791;2699;30;United-States;>50K;ok;4,730776309967041;2,3446127113103867;2,0;1,62;100,0;0,0
35;59;Self-emp-inc;169982;Some-college;10;Married-civ-spouse;;Husband;White;Male;4169;0;60;United-States;<=50K;ok;2,599501848220825;2,3446127113103867;2,0;1,62;100,0;0,0
36;38;Self-emp-not-inc;245090;9th;5;Married-civ-spouse;Craft-repair;Husband;White;Male;78783;0;40;Mexico;>50K;ok;2,2918624877929688;2,3446127113103867;1,0;1,62;100,0;0,0
37;31;Local-gov;402089;HS-grad;9;Divorced;Adm-clerical;Unmarried;White;Female;69193;0;40;United-States;>50K;ok;2,0128817558288574;2,3446127113103867;1,0;1,62;100,0;0,0
38;51;Self-emp-not-inc;186845;Bachelors;13;Married-civ-spouse;Farming-fishing;Husband;White;Male;35510;0;8;United-States;>50K;ok;1,033015251159668;2,3446127113103867;1,0;1,62;100,0;0,0
39;29;Private;211482;Some-college;13;Divorced;Sales;Husband;White;Male;0;0;40;United-States;<=50K;ok;1,9536175727844238;2,3446127113103867;2,0;1,62;100,0;0,0
40;31;State-gov;203488;Bachelors;13;Married-civ-spouse;Exec-managerial;Husband;Black;Male;0;0;50;United-States;<=50K;ok;2,700880527496338;2,3446127113103867;2,0;1,62;100,0;0,0
41;53;Private;202720;9th;5;Married-spouse-absent;Machine-op-inspct;Unmarried;Black;Male;54018;0;75;Haiti;>50K;ok;1,5714282989501953;2,3446127113103867;1,0;1,62;100,0;0,0
42;19;Private;105289;10th;6;Never-married;Other-service;Other-relative;Black;Female;29179;0;20;United-States;>50K;ok;0,8488412499427795;2,3446127113103867;1,0;1,62;100,0;0,0
43;32;Private;814193;HS-grad;9;Married-civ-spouse;Craft-repair;Husband;White;Male;57738;0;50;United-States;>50K;ok;3,3790442943573;2,3446127113103867;2,0;1,62;100,0;0,0
44;20;Private;273147;5th-6th;9;Never-married;Machine-op-inspct;Own-child;Black;Male;57212;0;40;United-States;>50K;ok;2,4237473011016846;2,3446127113103867;2,0;1,62;100,0;0,0
45;64;;140237;Preschool;1;Married-civ-spouse;;Husband;White;Male;38061;0;40;United-States;>50K;ok;1,107226014137268;2,3446127113103867;1,0;1,62;100,0;0,0
46;75;Private;221157;HS-grad;9;Never-married;Other-service;Own-child;Black;Female;84226;0;30;United-States;>50K;ok;4,490667819976807;2,3446127113103867;2,0;1,62;100,0;0,0
47;33;;514149;HS-grad;9;Never-married;;Unmarried;Black;Female;33963;0;20;United-States;>50K;ok;1,8523430824279785;2,3446127113103867;2,0;1,62;100,0;0,0
48;49;Federal-gov;311671;5th-6th;10;Married-civ-spouse;Handlers-cleaners;Husband;White;Male;0;0;40;United-States;<=50K;ok;2,8082597255706787;2,3446127113103867;2,0;1,62;100,0;0,0
49;30;Self-emp-not-inc;148959;Some-college;10;Divorced;Craft-repair;Not-in-family;White;Male;41376;0;35;Philippines;>50K;ok;1,7151381969451904;2,3446127113103867;2,0;1,62;100,0;0,0
50;63;Private;192849;Bachelors;13;Divorced;Other-service;Not-in-family;White;Female;21883;0;10;United-States;>50K;ok;0,6365945339202881;2,3446127113103867;1,0;1,62;100,0;0,0
51;67;Self-emp-not-inc;152102;HS-grad;7;Widowed;Farming-fishing;Not-in-family;White;Male;34655;0;65;United-States;>50K;ok;1,2068570852279663;2,3446127113103867;2,0;1,62;100,0;0,0
52;27;Private;310483;Bachelors;13;Divorced;Prof-specialty;Not-in-family;White;Male;69357;0;50;United-States;>50K;ok;2,0176525115966797;2,3446127113103867;1,0;1,62;100,0;0,0
53;44;Private;260761;HS-grad;9;Married-civ-spouse;Craft-repair;Husband;White;Male;86125;0;40;United-States;>50K;ok;2,5054473876953125;2,3446127113103867;1,0;1,62;100,0;0,0
54;49;Private;181667;HS-grad;9;Married-civ-spouse;Machine-op-inspct;Own-child;White;Male;5013;0;46;Canada;>50K;ok;2,396775484085083;2,3446127113103867;2,0;1,62;100,0;0,0
55;27;Private;114865;HS-grad;9;Separated;Craft-repair;Not-in-family;White;Male;29287;0;45;United-States;>50K;ok;0,8519830703735352;2,3446127113103867;1,0;1,62;100,0;0,0
56;85;Private;267161;Some-college;10;Married-civ-spouse;Tech-support;Wife;Other;Female;0;0;45;United-States;>50K;ok;3,9994497299194336;2,3446127113103867;2,0;1,62;100,0;0,0
57;37;Private;126708;HS-grad;9;Married-civ-spouse;Adm-clerical;Wife;White;Female;0;0;43;United-States;>50K;ok;1,1015105247497559;2,3446127113103867;1,0;1,62;100,0;0,0
58;30;Local-gov;38268;HS-grad;9;Separated;Other-service;Unmarried;White;Male;73704;0;40;United-States;>50K;ok;2,1441102027893066;2,3446127113103867;1,0;1,62;100,0;0,0
59;28;Self-emp-not-inc;211672;HS-grad;9;Married-civ-spouse;Protective-serv;Husband;White;Male;0;0;70;United-States;>50K;ok;1,6503909826278687;2,3446127113103867;2,0;1,62;100,0;0,0
60;56;Private;398067;HS-grad;9;Widowed;Adm-clerical;Not-in-family;White;Female;92173;0;40;United-States;>50K;ok;2,6813888549804688;2,3446127113103867;1,0;1,62;100,0;0,0
61;35;Private;183898;HS-grad;9;Divorced;Craft-repair;Unmarried;White;Male;72357;0;40;United-States;>50K;ok;2,036445140838623;2,3446127113103867;1,0;1,62;100,0;0,0
62;21;Private;202214;Assoc-acdm;12;Never-married;Other-service;Not-in-family;White;Female;50630;0;10;United-States;>50K;ok;2,2057723999023438;2,3446127113103867;2,0;1,62;100,0;0,0
63;31;Private;85374;HS-grad;9;Never-married;Other-service;Not-in-family;White;Male;62542;0;42;United-States;>50K;ok;1,8193985223770142;2,3446127113103867;1,0;1,62;100,0;0,0
64;28;State-gov;423222;Masters;14;Married-civ-spouse;Sales;Husband;White;Male;1662;0;80;United-States;<=50K;ok;3,213332414627075;2,3446127113103867;2,0;1,62;100,0;0,0
65;61;Private;929431;12th;4;Married-civ-spouse;Machine-op-inspct;Husband;White;Male;0;0;40;United-States;>50K;ok;3,6189398765563965;2,3446127113103867;2,0;1,62;100,0;0,0
66;49;Local-gov;176828;HS-grad;9;Divorced;Adm-clerical;Not-in-family;White;Female;80792;0;10;United-States;>50K;ok;2,4165499210357666;2,3446127113103867;2,0;1,62;100,0;0,0
67;73;Private;123160;10th;9;Widowed;Other-service;Not-in-family;White;Female;33676;0;10;United-States;>50K;ok;1,3964534997940063;2,3446127113103867;2,0;1,62;100,0;0,0
68;27;;330132;HS-grad;9;Never-married;;Not-in-family;White;Female;19553;0;25;United-States;>50K;ok;0,5688129663467407;2,3446127113103867;1,0;1,62;100,0;0,0
69;28;Private;275116;10th;6;Divorced;Transport-moving;Husband;White;Male;90142;0;40;United-States;>50K;ok;2,9003868103027344;2,3446127113103867;2,0;1,62;100,0;0,0
70;71;Private;112358;Bachelors;13;Married-civ-spouse;Other-service;Husband;White;Male;0;249;60;United-States;<=50K;ok;2,889054536819458;2,3446127113103867;2,0;1,62;100,0;0,0
71;46;Self-emp-not-inc;165754;Doctorate;16;Never-married;Exec-managerial;Not-in-family;White;Female;24263;0;45;United-States;>50K;ok;1,5744835138320923;2,3446127113103867;2,0;1,62;100,0;0,0
72;51;Without-pay;1123575;Assoc-acdm;12;Married-civ-spouse;Sales;Husband;White;Male;0;0;45;United-States;>50K;ok;4,827415943145752;2,3446127113103867;1,0;1,62;100,0;0,0
73;43;State-gov;98130;Bachelors;13;Divorced;Prof-specialty;Own-child;White;Female;7524;0;39;United-States;>50K;ok;2,892967700958252;2,3446127113103867;2,0;1,62;100,0;0,0
74;21;Private;293726;HS-grad;9;Never-married;Sales;Not-in-family;White;Male;79108;0;11;United-States;>50K;ok;3,921264886856079;2,3446127113103867;2,0;1,62;100,0;0,0
75;70;;158642;HS-grad;9;Widowed;;Not-in-family;White;Female;50575;0;20;United-States;>50K;ok;1,3841997385025024;2,3446127113103867;1,0;1,62;100,0;0,0
76;23;Private;203240;Some-college;10;Never-married;Other-service;Not-in-family;White;Female;63418;0;40;United-States;>50K;ok;1,8448820114135742;2,3446127113103867;1,0;1,62;100,0;0,0
77;42;Private;69019;Some-college;10;Married-civ-spouse;Prof-specialty;Husband;Black;Male;0;0;40;Poland;<=50K;ok;1,947540044784546;2,3446127113103867;2,0;1,62;100,0;0,0
78;21;Private;197050;Some-college;10;Never-married;Other-service;Own-child;White;Female;88407;0;73;United-States;>50K;ok;3,5604426860809326;2,3446127113103867;2,0;1,62;100,0;0,0
79;33;Private;305673;Assoc-voc;11;Married-civ-spouse;Craft-repair;Husband;White;Male;0;0;28;Canada;<=50K;ok;1,475867748260498;2,3446127113103867;2,0;1,62;100,0;0,0
80;46;Private;171228;HS-grad;9;Married-civ-spouse;Machine-op-inspct;Husband;White;Male;17588;0;35;Guatemala;>50K;ok;0,41242069005966187;2,3446127113103867;1,0;1,62;100,0;0,0
81;36;Local-gov;404661;Some-college;13;Married-civ-spouse;Prof-specialty;Husband;Black;Male;0;0;40;United-States;>50K;ok;0,9951600432395935;2,3446127113103867;1,0;1,62;100,0;0,0
82;20;Private;176321;12th;8;Never-married;Adm-clerical;Own-child;White;Female;49729;0;40;Greece;>50K;ok;2,267056941986084;2,3446127113103867;2,0;1,62;100,0;0,0
83;37;Private;875247;Prof-school;15;Never-married;Prof-specialty;Not-in-family;Asian-Pac-Islander;Female;69075;0;55;United-States;>50K;ok;4,452905178070068;2,3446127113103867;2,0;1,62;100,0;0,0
84;17;Private;198146;11th;7;Never-married;Sales;Own-child;White;Female;77444;0;15;United-States;>50K;ok;2,2529101371765137;2,3446127113103867;1,0;1,62;100,0;0,0
85;26;Private;134888;Bachelors;13;Never-married;Tech-support;Own-child;White;Female;79633;0;35;United-States;>50K;ok;2,316589832305908;2,3446127113103867;1,0;1,62;100,0;0,0
86;44;Self-emp-inc;316120;Prof-school;15;Divorced;Sales;Unmarried;White;Male;0;0;40;United-States;>50K;ok;2,2137863636016846;2,3446127113103867;2,0;1,62;100,0;0,0
87;29;Private;91906;Assoc-voc;11;Married-civ-spouse;Adm-clerical;Husband;White;Male;75982;0;40;United-States;>50K;ok;2,216947317123413;2,3446127113103867;2,0;1,62;100,0;0,0
88;44;Private;1050002;HS-grad;9;Married-civ-spouse;Machine-op-inspct;Husband;White;Male;0;0;40;United-States;>50K;ok;4,151285648345947;2,3446127113103867;1,0;1,62;100,0;0,0
89;38;;75024;7th-8th;4;Divorced;;Not-in-family;White;Female;81785;0;67;United-States;>50K;ok;2,9531617164611816;2,3446127113103867;2,0;1,62;100,0;0,0
90;26;Private;238367;HS-grad;9;Married-civ-spouse;Adm-clerical;Husband;White;Male;73290;0;40;United-States;>50K;ok;2,1320667266845703;2,3446127113103867;1,0;1,62;100,0;0,0
91;26;Self-emp-not-inc;331861;Bachelors;13;Never-married;Sales;Not-in-family;White;Male;70967;0;60;United-States;>50K;ok;2,0644888877868652;2,3446127113103867;1,0;1,62;100,0;0,0
92;62;Private;177916;HS-grad;13;Married-civ-spouse;Adm-clerical;Husband;White;Male;4556;0;40;United-States;<=50K;ok;0,80820631980896;2,3446127113103867;3,0;1,62;100,0;0,0
93;36;Private;49626;HS-grad;9;Married-civ-spouse;Exec-managerial;Husband;White;Male;33325;0;40;United-States;>50K;ok;0,9694518446922302;2,3446127113103867;1,0;1,62;100,0;0,0
94;61;Private;273803;HS-grad;9;Married-civ-spouse;Craft-repair;Husband;White;Male;72640;0;40;United-States;>50K;ok;2,1131577491760254;2,3446127113103867;1,0;1,62;100,0;0,0
95;43;Self-emp-not-inc;396758;Bachelors;13;Widowed;Prof-specialty;Wife;White;Female;0;828;70;United-States;<=50K;ok;3,0724191665649414;2,3446127113103867;2,0;1,62;100,0;0,0
96;33;Private;358655;Bachelors;13;Never-married;Adm-clerical;Wife;White;Female;49146;0;10;United-States;>50K;ok;1,8847804069519043;2,3446127113103867;2,0;1,62;100,0;0,0
97;37;Self-emp-inc;940048;Some-college;10;Married-civ-spouse;Other-service;Wife;White;Female;0;0;40;United-States;>50K;ok;3,65299916267395;2,3446127113103867;2,0;1,62;100,0;0,0
98;28;Private;178399;HS-grad;9;Never-married;Transport-moving;Unmarried;White;Male;98254;0;50;United-States;>50K;ok;2,8922290802001953;2,3446127113103867;2,0;1,62;100,0;0,0
99;59;Private;175323;Assoc-voc;11;Married-civ-spouse;Exec-managerial;Wife;White;Female;0;0;52;United-States;>50K;ok;2,021043539047241;2,3446127113103867;1,0;1,62;100,0;0,0
100;77;;174887;Some-college;10;Married-civ-spouse;;Husband;White;Male;78535;0;6;United-States;>50K;ok;2,2846479415893555;2,3446127113103867;1,0;1,62;100,0;0,0
101;42;Private;173704;Masters;14;Married-civ-spouse;Prof-specialty;Husband;White;Male;0;0;35;United-States;<=50K;ok;0,32397371530532837;2,3446127113103867;1,0;1,62;100,0;0,0
102;31;Private;255004;Bachelors;13;Never-married;Exec-managerial;Not-in-family;White;Male;97299;1741;38;United-States;>50K;ok;2,830508232116699;2,3446127113103867;1,0;1,62;100,0;0,0
103;18;Private;268022;Assoc-acdm;12;Married-civ-spouse;Exec-managerial;Husband;White;Male;1547;0;55;United-States;<=50K;ok;2,0974178314208984;2,3446127113103867;2,0;1,62;100,0;0,0
104;47;Self-emp-not-inc;117310;HS-grad;9;Divorced;Other-service;Not-in-family;White;Female;99199;1876;48;United-States;>50K;ok;3,8040459156036377;2,3446127113103867;2,0;1,62;100,0;0,0
105;20;;308924;Some-college;10;Never-married;;Own-child;White;Male;64409;0;25;Mexico;>50K;ok;2,6827847957611084;2,3446127113103867;2,0;1,62;100,0;0,0
106;19;Private;439874;HS-grad;9;Never-married;Sales;Other-relative;White;Female;70442;0;28;Mexico;>50K;ok;2,171626329421997;2,3446127113103867;2,0;1,62;100,0;0,0
107;44;State-gov;167265;Masters;14;Married-civ-spouse;Prof-specialty;Husband;White;Male;0;0;1;United-States;<=50K;ok;3,822889566421509;2,3446127113103867;1,0;1,62;100,0;0,0
108;46;Self-emp-inc;328216;Prof-school;1;Widowed;Prof-specialty;Husband;White;Male;0;1902;45;United-States;<=50K;ok;5,264077663421631;2,3446127113103867;2,0;1,62;100,0;0,0
109;27;Private;34273;Assoc-voc;11;Never-married;Prof-specialty;Not-in-family;White;Female;40384;1876;36;Canada;>50K;ok;1,1748039722442627;2,3446127113103867;1,0;1,62;100,0;0,0
110;24;Private;653574;HS-grad;9;Never-married;Craft-repair;Own-child;White;Male;64904;0;33;El-Salvador;>50K;ok;1,9418246746063232;2,3446127113103867;2,0;1,62;100,0;0,0
111;28;Private;191342;Bachelors;10;Never-married;Sales;Not-in-family;Other;Male;82914;0;40;India;>50K;ok;2,8458364009857178;2,3446127113103867;2,0;1,62;100,0;0,0
112;23;Private;376416;10th;13;Never-married;Adm-clerical;Not-in-family;White;Male;76311;0;40;United-States;>50K;ok;3,171769380569458;2,3446127113103867;2,0;1,62;100,0;0,0
113;31;Private;93106;Assoc-voc;7;Never-married;Adm-clerical;Not-in-family;White;Female;86835;0;40;United-States;>50K;ok;2,853384256362915;2,3446127113103867;2,0;1,62;100,0;0,0
114;36;Private;357619;Bachelors;6;Married-civ-spouse;Exec-managerial;Not-in-family;White;Female;0;0;60;Germany;<=50K;ok;3,3801355361938477;2,3446127113103867;2,0;1,62;100,0;0,0
115;23;Private;307267;Masters;14;Never-married;Other-service;Not-in-family;White;Female;44158;1526;10;United-States;>50K;ok;2,914720296859741;2,3446127113103867;2,0;1,62;100,0;0,0
116;38;Private;167440;HS-grad;9;Married-AF-spouse;Machine-op-inspct;Husband;White;Male;72214;0;40;United-States;>50K;ok;2,1902403831481934;2,3446127113103867;2,0;1,62;100,0;0,0
117;45;Private;327886;Prof-school;15;Never-married;Prof-specialty;Not-in-family;White;Male;83418;0;40;United-States;>50K;ok;2,426698684692383;2,3446127113103867;1,0;1,62;100,0;0,0
118;84;Private;174655;Bachelors;13;Married-civ-spouse;Craft-repair;Husband;White;Male;0;1887;12;United-States;<=50K;ok;2,9842989444732666;2,3446127113103867;2,0;1,62;100,0;0,0
119;47;Private;205730;HS-grad;9;Married-civ-spouse;Craft-repair;Husband;White;Male;0;212;3;United-States;<=50K;ok;3,453303813934326;2,3446127113103867;2,0;1,62;100,0;0,0
120;45;Private;266860;Bachelors;13;Married-civ-spouse;Exec-managerial;Husband;White;Male;0;0;15;United-States;<=50K;ok;2,2678158283233643;2,3446127113103867;1,0;1,62;100,0;0,0
121;71;Federal-gov;101676;10th;8;Married-civ-spouse;Adm-clerical;Husband;White;Male;94586;0;40;United-States;>50K;ok;2,830436944961548;2,3446127113103867;2,0;1,62;100,0;0,0
122;37;Private;21798;HS-grad;9;Married-civ-spouse;Craft-repair;Husband;Asian-Pac-Islander;Male;0;0;94;United-States;>50K;ok;4,670406341552734;2,3446127113103867;2,0;1,62;100,0;0,0
123;44;Private;101563;Masters;14;Divorced;Exec-managerial;Unmarried;White;Male;1084;0;45;United-States;<=50K;ok;0,18461042642593384;2,3446127113103867;1,0;1,62;100,0;0,0
124;33;Private;1055595;HS-grad;9;Married-civ-spouse;Transport-moving;Husband;White;Male;0;0;40;United-States;<=50K;ok;4,653034210205078;2,3446127113103867;1,0;1,62;100,0;0,0
125;29;Local-gov;270379;HS-grad;9;Never-married;Armed-Forces;Unmarried;Black;Female;99133;0;40;United-States;>50K;ok;3,2089648246765137;2,3446127113103867;2,0;1,62;100,0;0,0
126;40;Private;190621;Some-college;10;Divorced;Exec-managerial;Other-relative;Black;Female;46090;2717;55;United-States;>50K;ok;4,847499370574951;2,3446127113103867;2,0;1,62;100,0;0,0
127;35;Self-emp-not-inc;115618;HS-grad;9;Divorced;Sales;Not-in-family;White;Male;15965;0;50;United-States;>50K;ok;0,46443504095077515;2,3446127113103867;1,0;1,62;100,0;0,0
128;26;State-gov;34965;Some-college;6;Married-civ-spouse;Exec-managerial;Husband;White;Male;43028;0;12;United-States;>50K;ok;1,8241199254989624;2,3446127113103867;2,0;1,62;100,0;0,0
129;43;Private;157473;HS-grad;9;Never-married;Sales;Not-in-family;White;Female;97464;0;40;United-States;>50K;ok;2,83530855178833;2,3446127113103867;1,0;1,62;100,0;0,0
130;18;Private;203181;HS-grad;9;Married-civ-spouse;Other-service;Husband;White;Male;0;0;60;United-States;<=50K;ok;0,9756761789321899;2,3446127113103867;1,0;1,62;100,0;0,0
131;53;Private;278114;7th-8th;4;Married-civ-spouse;Handlers-cleaners;Husband;White;Male;94951;0;40;United-States;>50K;ok;2,8017594814300537;2,3446127113103867;2,0;1,62;100,0;0,0
132;50;Self-emp-not-inc;341836;Some-college;10;Married-civ-spouse;Farming-fishing;Husband;White;Male;0;0;60;United-States;>50K;ok;1,4877939224243164;2,3446127113103867;1,0;1,62;100,0;0,0
133;31;Private;98639;HS-grad;9;Never-married;Craft-repair;Unmarried;White;Male;72573;0;40;United-States;>50K;ok;2,111208438873291;2,3446127113103867;1,0;1,62;100,0;0,0
134;19;Self-emp-not-inc;116385;11th;7;Never-married;Adm-clerical;Not-in-family;White;Female;75648;0;40;United-States;>50K;ok;2,200662851333618;2,3446127113103867;1,0;1,62;100,0;0,0
135;57;Private;298507;Bachelors;7;Married-civ-spouse;Prof-specialty;Husband;White;Male;3103;0;40;United-States;<=50K;ok;1,990320086479187;2,3446127113103867;1,0;1,62;100,0;0,0
136;45;Private;102147;HS-grad;9;Married-civ-spouse;Craft-repair;Other-relative;White;Male;26712;0;40;United-States;>50K;ok;1,4533430337905884;2,3446127113103867;2,0;1,62;100,0;0,0
137;74;Private;146365;HS-grad;9;Widowed;Other-service;Not-in-family;White;Female;99018;0;28;United-States;>50K;ok;2,8805155754089355;2,3446127113103867;1,0;1,62;100,0;0,0
138;39;Private;29814;HS-grad;15;Married-civ-spouse;Craft-repair;Husband;White;Male;77160;0;40;United-States;>50K;ok;2,999969959259033;2,3446127113103867;2,0;1,62;100,0;0,0
139;63;Local-gov;109849;Bachelors;13;Never-married;Prof-specialty;Not-in-family;Black;Female;89314;0;21;United-States;>50K;ok;2,5982182025909424;2,3446127113103867;1,0;1,62;100,0;0,0
140;24;Private;209101;Bachelors;13;Married-civ-spouse;Exec-managerial;Husband;White;Male;5178;0;19;United-States;<=50K;ok;2,43449330329895;2,3446127113103867;2,0;1,62;100,0;0,0
141;41;Private;170866;Bachelors;13;Widowed;Exec-managerial;Unmarried;White;Male;0;0;50;United-States;<=50K;ok;3,4894814491271973;2,3446127113103867;2,0;1,62;100,0;0,0
142;32;Private;125856;Assoc-acdm;12;Married-civ-spouse;Exec-managerial;Husband;White;Male;46399;0;60;United-States;>50K;ok;1,349785327911377;2,3446127113103867;1,0;1,62;100,0;0,0
143;31;Private;815631;11th;7;Married-civ-spouse;Machine-op-inspct;Husband;White;Male;0;0;80;United-States;>50K;ok;4,251786708831787;2,3446127113103867;2,0;1,62;100,0;0,0
144;38;State-gov;472604;Bachelors;13;Married-civ-spouse;Other-service;Husband;White;Male;0;0;35;Greece;<=50K;ok;2,779836416244507;2,3446127113103867;2,0;1,62;100,0;0,0
145;46;Private;188325;Some-college;2;Married-civ-spouse;Machine-op-inspct;Husband;White;Male;0;0;50;United-States;<=50K;ok;2,6537599563598633;2,3446127113103867;1,0;1,62;100,0;0,0
146;50;Private;339482;HS-grad;9;Married-civ-spouse;Craft-repair;Husband;White;Male;0;0;40;United-States;>50K;ok;1,184749722480774;2,3446127113103867;1,0;1,62;100,0;0,0
147;38;Local-gov;156383;Some-college;10;Never-married;Protective-serv;Unmarried;Black;Female;93863;1790;40;United-States;>50K;ok;4,1078877449035645;2,3446127113103867;2,0;1,62;100,0;0,0
148;40;Private;199018;Bachelors;13;Married-civ-spouse;Adm-clerical;Husband;White;Male;75629;0;40;United-States;>50K;ok;2,2001101970672607;2,3446127113103867;1,0;1,62;100,0;0,0
149;32;Private;294121;Assoc-acdm;12;Divorced;Machine-op-inspct;Not-in-family;White;Female;56592;0;50;Iran;>50K;ok;3,0928092002868652;2,3446127113103867;2,0;1,62;100,0;0,0
150;35;Federal-gov;111377;HS-grad;9;Separated;Transport-moving;Not-in-family;White;Male;21918;0;40;United-States;>50K;ok;1,5769871473312378;2,3446127113103867;2,0;1,62;100,0;0,0
151;42;Private;413297;Some-college;4;Married-civ-spouse;Transport-moving;Husband;White;Male;0;0;40;United-States;<=50K;ok;2,0040948390960693;2,3446127113103867;2,0;1,62;100,0;0,0
152;71;Self-emp-inc;474235;HS-grad;9;Married-civ-spouse;Craft-repair;Husband;White;Male;0;0;46;United-States;>50K;ok;2,784158945083618;2,3446127113103867;2,0;1,62;100,0;0,0
153;48;Private;138069;5th-6th;9;Married-civ-spouse;Transport-moving;Husband;White;Male;67788;0;45;United-States;>50K;ok;2,6444900035858154;2,3446127113103867;2,0;1,62;100,0;0,0
154;54;State-gov;103179;Doctorate;16;Married-civ-spouse;Exec-managerial;Husband;White;Male;0;2571;34;United-States;<=50K;ok;1,546104073524475;2,3446127113103867;2,0;1,62;100,0;0,0
155;19;Local-gov;169853;HS-grad;9;Never-married;Craft-repair;Own-child;White;Male;72502;0;40;United-States;>50K;ok;2,1091432571411133;2,3446127113103867;1,0;1,62;100,0;0,0
156;46;Private;136162;Assoc-voc;11;Divorced;Sales;Unmarried;White;Female;70139;0;40;United-States;>50K;ok;2,0404014587402344;2,3446127113103867;1,0;1,62;100,0;0,0
157;46;Private;833145;Assoc-acdm;12;Divorced;Prof-specialty;Not-in-family;White;Female;0;685;50;United-States;>50K;ok;3,5470476150512695;2,3446127113103867;2,0;1,62;100,0;0,0
158;45;Private;102597;HS-grad;9;Widowed;Adm-clerical;Unmarried;White;Female;42001;0;35;United-States;>50K;ok;1,2218438386917114;2,3446127113103867;1,0;1,62;100,0;0,0
159;26;Self-emp-inc;97952;Bachelors;13;Never-married;Exec-managerial;Own-child;Other;Male;38396;0;80;United-States;>50K;ok;1,5972567796707153;2,3446127113103867;2,0;1,62;100,0;0,0
160;20;Private;148509;HS-grad;9;Never-married;Other-service;Unmarried;White;Female;95945;0;40;United-States;>50K;ok;3,344273090362549;2,3446127113103867;2,0;1,62;100,0;0,0
161;58;Private;110213;HS-grad;9;Widowed;Sales;Not-in-family;White;Female;86987;0;40;United-States;>50K;ok;3,6140341758728027;2,3446127113103867;2,0;1,62;100,0;0,0
162;38;Private;160086;Bachelors;13;Never-married;Prof-specialty;Not-in-family;Asian-Pac-Islander;Female;25078;0;32;United-States;>50K;ok;3,5020945072174072;2,3446127113103867;2,0;1,62;100,0;0,0
163;46;Self-emp-not-inc;225065;Bachelors;13;Separated;Other-service;Unmarried;White;Female;20119;0;45;Nicaragua;>50K;ok;0,5852783918380737;2,3446127113103867;1,0;1,62;100,0;0,0
164;23;Private;228230;Some-college;6;Married-civ-spouse;Sales;Wife;White;Female;68920;0;47;United-States;>50K;ok;2,404244899749756;2,3446127113103867;2,0;1,62;100,0;0,0
165;33;Private;149726;HS-grad;9;Married-civ-spouse;Sales;Husband;White;Male;35201;2621;40;United-States;>50K;ok;4,608985424041748;2,3446127113103867;2,0;1,62;100,0;0,0
166;47;Private;20956;HS-grad;9;Married-civ-spouse;Craft-repair;Husband;White;Male;78554;0;40;United-States;>50K;ok;2,285200834274292;2,3446127113103867;1,0;1,62;100,0;0,0
167;34;Private;118584;Bachelors;13;Never-married;Exec-managerial;Other-relative;White;Female;6215;0;40;United-States;>50K;ok;0,6401396989822388;2,3446127113103867;2,0;1,62;100,0;0,0
168;20;Self-emp-inc;212582;Some-college;10;Never-married;Other-service;Own-child;White;Female;41401;0;16;United-States;>50K;ok;1,403794288635254;2,3446127113103867;2,0;1,62;100,0;0,0
169;27;Private;69757;Some-college;10;Never-married;Adm-clerical;Not-in-family;White;Female;9598;0;60;United-States;>50K;ok;0,2792137861251831;2,3446127113103867;1,0;1,62;100,0;0,0
170;71;Local-gov;66624;Bachelors;2;Married-civ-spouse;Exec-managerial;Husband;White;Male;0;2392;60;United-States;<=50K;ok;3,923640727996826;2,3446127113103867;2,0;1,62;100,0;0,0
171;43;Local-gov;256253;7th-8th;13;Married-civ-spouse;Prof-specialty;Not-in-family;White;Male;0;0;55;United-States;<=50K;ok;1,179324984550476;2,3446127113103867;2,0;1,62;100,0;0,0
172;66;;190324;HS-grad;9;Married-civ-spouse;;Husband;Black;Male;31238;0;18;United-States;>50K;ok;0,9087392687797546;2,3446127113103867;1,0;1,62;100,0;0,0
173;49;;168392;7th-8th;4;Married-civ-spouse;;Husband;White;Male;38000;0;99;United-States;>50K;ok;1,2884411811828613;2,3446127113103867;2,0;1,62;100,0;0,0
174;31;Private;61308;10th;6;Never-married;Other-service;Not-in-family;White;Female;51146;0;40;United-States;>50K;ok;2,556044816970825;2,3446127113103867;2,0;1,62;100,0;0,0
175;38;Private;22245;Some-college;10;Widowed;Exec-managerial;Husband;White;Male;0;851;40;United-States;<=50K;ok;2,8760924339294434;2,3446127113103867;2,0;1,62;100,0;0,0
176;63;Private;281025;9th;5;Married-civ-spouse;Handlers-cleaners;Husband;White;Male;79341;0;32;United-States;>50K;ok;2,3080954551696777;2,3446127113103867;1,0;1,62;100,0;0,0
177;42;Private;212894;Bachelors;13;Married-civ-spouse;Sales;Husband;White;Female;0;748;40;United-States;<=50K;ok;2,8518776893615723;2,3446127113103867;2,0;1,62;100,0;0,0
178;36;Private;130589;Some-college;10;Divorced;Exec-managerial;Not-in-family;White;Male;95071;0;57;United-States;>50K;ok;2,872912645339966;2,3446127113103867;2,0;1,62;100,0;0,0
179;21;Private;30619;Some-college;11;Never-married;Exec-managerial;Not-in-family;White;Female;97926;0;38;United-States;>50K;ok;2,8679966926574707;2,3446127113103867;2,0;1,62;100,0;0,0
180;30;Private;211840;Some-college;10;Separated;Sales;Unmarried;Black;Female;7673;0;16;United-States;>50K;ok;0,22321391105651855;2,3446127113103867;1,0;1,62;100,0;0,0
181;32;Private;183977;Bachelors;1;Married-civ-spouse;Craft-repair;Husband;White;Male;0;0;55;Hong;<=50K;ok;4,964931011199951;2,3446127113103867;2,0;1,62;100,0;0,0
182;20;Private;334105;Some-college;10;Never-married;Other-service;Own-child;White;Female;56576;0;10;United-States;>50K;ok;1,6458426713943481;2,3446127113103867;1,0;1,62;100,0;0,0
183;31;Private;150553;Assoc-acdm;12;Never-married;Tech-support;Not-in-family;Asian-Pac-Islander;Female;48794;0;40;United-States;>50K;ok;1,4194577932357788;2,3446127113103867;1,0;1,62;100,0;0,0
184;17;Private;221172;7th-8th;13;Married-civ-spouse;Craft-repair;Husband;White;Male;0;0;40;United-States;<=50K;ok;1,9522465467453003;2,3446127113103867;2,0;1,62;100,0;0,0
185;21;Local-gov;38771;Some-college;10;Never-married;Adm-clerical;Own-child;White;Male;89729;0;40;United-States;>50K;ok;2,610291004180908;2,3446127113103867;1,0;1,62;100,0;0,0
186;34;Private;209900;10th;6;Never-married;Farming-fishing;Not-in-family;White;Male;50209;0;40;Columbia;>50K;ok;5,10095739364624;2,3446127113103867;2,0;1,62;100,0;0,0
187;55;Private;96415;HS-grad;9;Widowed;Other-service;Unmarried;Black;Female;95743;0;35;United-States;>50K;ok;2,785243034362793;2,3446127113103867;1,0;1,62;100,0;0,0
188;38;Self-emp-not-inc;252986;Masters;14;Married-civ-spouse;Prof-specialty;Husband;White;Male;0;0;40;Mexico;<=50K;ok;1,9313862323760986;2,3446127113103867;2,0;1,62;100,0;0,0
189;57;Private;1080128;Some-college;10;Married-civ-spouse;Craft-repair;Husband;White;Male;0;0;40;United-States;>50K;ok;4,763978958129883;2,3446127113103867;2,0;1,62;100,0;0,0
190;47;Private;52795;12th;16;Married-civ-spouse;Machine-op-inspct;Husband;White;Male;0;0;46;United-States;>50K;ok;3,829981565475464;2,3446127113103867;2,0;1,62;100,0;0,0
191;31;Private;265201;HS-grad;9;Never-married;Adm-clerical;Unmarried;White;Female;17818;0;40;Germany;>50K;ok;1,913763403892517;2,3446127113103867;2,0;1,62;100,0;0,0
192;58;Private;115605;Masters;2;Married-civ-spouse;Prof-specialty;Unmarried;White;Male;0;0;50;United-States;<=50K;ok;4,677493095397949;2,3446127113103867;2,0;1,62;100,0;0,0
193;32;Private;104525;HS-grad;9;Married-civ-spouse;Craft-repair;Husband;White;Male;77256;0;68;United-States;>50K;ok;2,834196090698242;2,3446127113103867;2,0;1,62;100,0;0,0
194;64;Local-gov;116620;Masters;14;Married-civ-spouse;Prof-specialty;Husband;White;Male;81434;0;28;United-States;>50K;ok;2,376943826675415;2,3446127113103867;2,0;1,62;100,0;0,0
195;34;Private;240979;HS-grad;8;Separated;Craft-repair;Unmarried;White;Male;94092;0;80;United-States;>50K;ok;2,7572412490844727;2,3446127113103867;2,0;1,62;100,0;0,0
196;34;Self-emp-inc;112115;Bachelors;13;Never-married;Exec-managerial;Other-relative;White;Male;0;0;79;United-States;<=50K;ok;2,6278865337371826;2,3446127113103867;2,0;1,62;100,0;0,0
197;35;Private;80479;Assoc-voc;11;Divorced;Sales;Not-in-family;White;Male;24458;0;40;United-States;>50K;ok;0,7115034461021423;2,3446127113103867;1,0;1,62;100,0;0,0
198;28;Private;108706;11th;7;Never-married;Handlers-cleaners;Own-child;White;Female;61284;0;20;United-States;>50K;ok;1,7828023433685303;2,3446127113103867;1,0;1,62;100,0;0,0
199;41;Private;69333;HS-grad;9;Married-civ-spouse;Craft-repair;Husband;White;Male;0;0;63;United-States;>50K;ok;1,1663053035736084;2,3446127113103867;1,0;1,62;100,0;0,0
200;47;Private;345722;Assoc-voc;11;Married-civ-spouse;Adm-clerical;Husband;White;Male;4557;0;40;United-States;>50K;ok;0,7023079991340637;2,3446127113103867;2,0;1,62;100,0;0,0
201;75;Federal-gov;247321;HS-grad;9;Married-civ-spouse;Craft-repair;Husband;White;Male;0;0;45;United-States;>50K;ok;3,0769498348236084;2,3446127113103867;2,0;1,62;100,0;0,0
202;37;Private;202662;10th;6;Divorced;Transport-moving;Unmarried;White;Male;64192;0;40;United-States;>50K;ok;1,8673983812332153;2,3446127113103867;1,0;1,62;100,0;0,0
203;48;Private;182211;Some-college;10;Married-civ-spouse;Transport-moving;Husband;White;Male;36193;0;45;United-States;>50K;ok;1,0528843402862549;2,3446127113103867;1,0;1,62;100,0;0,0
204;30;Private;118551;Bachelors;13;Married-civ-spouse;Tech-support;Husband;White;Female;0;0;83;United-States;<=50K;ok;5,317300796508789;2,3446127113103867;2,0;1,62;100,0;0,0
205;49;Self-emp-not-inc;171540;Some-college;10;Married-civ-spouse;Farming-fishing;Husband;White;Male;27075;0;60;United-States;>50K;ok;0,7876341342926025;2,3446127113103867;1,0;1,62;100,0;0,0
206;39;Private;191807;HS-grad;9;Never-married;Machine-op-inspct;Unmarried;White;Male;53035;0;48;United-States;>50K;ok;1,5428320169448853;2,3446127113103867;1,0;1,62;100,0;0,0
207;44;Private;374423;Masters;1;Married-civ-spouse;Exec-managerial;Husband;Black;Male;0;1786;40;United-States;<=50K;ok;4,316944122314453;2,3446127113103867;2,0;1,62;100,0;0,0
208;17;Private;160968;11th;7;Separated;Adm-clerical;Own-child;White;Male;22139;0;16;United-States;>50K;ok;0,8937166929244995;2,3446127113103867;2,0;1,62;100,0;0,0
209;41;Self-emp-not-inc;675734;Bachelors;13;Divorced;Sales;Not-in-family;White;Male;0;0;45;Iran;>50K;ok;3,5542421340942383;2,3446127113103867;2,0;1,62;100,0;0,0
210;24;State-gov;390867;Masters;14;Never-married;Prof-specialty;Not-in-family;Black;Female;97849;0;40;Portugal;>50K;ok;2,9772961139678955;2,3446127113103867;2,0;1,62;100,0;0,0
211;22;Private;145477;HS-grad;9;Never-married;Handlers-cleaners;Own-child;Amer-Indian-Eskimo;Male;49086;0;40;United-States;>50K;ok;1,4279522895812988;2,3446127113103867;1,0;1,62;100,0;0,0
212;52;Local-gov;35092;Doctorate;16;Married-civ-spouse;;Other-relative;White;Male;0;0;40;United-States;<=50K;ok;2,857630968093872;2,3446127113103867;2,0;1,62;100,0;0,0
213;23;Private;890617;HS-grad;9;Divorced;Other-service;Not-in-family;White;Female;19849;0;24;United-States;>50K;ok;4,135411739349365;2,3446127113103867;2,0;1,62;100,0;0,0
214;26;Private;181666;Some-college;10;Married-civ-spouse;Machine-op-inspct;Wife;White;Female;68779;1104;40;United-States;>50K;ok;2,7543065547943115;2,3446127113103867;2,0;1,62;100,0;0,0
215;52;Private;745628;HS-grad;9;Married-civ-spouse;Other-service;Wife;White;Female;0;0;40;United-States;>50K;ok;2,8123631477355957;2,3446127113103867;2,0;1,62;100,0;0,0
216;24;Private;125813;HS-grad;9;Married-civ-spouse;Exec-managerial;Wife;Amer-Indian-Eskimo;Female;18020;0;45;United-States;>50K;ok;0,5242167115211487;2,3446127113103867;1,0;1,62;100,0;0,0
217;43;Private;397963;HS-grad;9;Divorced;Handlers-cleaners;Not-in-family;White;Female;20640;0;16;United-States;>50K;ok;2,1586220264434814;2,3446127113103867;2,0;1,62;100,0;0,0
218;18;Private;293510;12th;14;Never-married;Handlers-cleaners;Other-relative;White;Male;97375;0;20;United-States;>50K;ok;3,4620330333709717;2,3446127113103867;2,0;1,62;100,0;0,0
219;31;Local-gov;220669;Prof-school;13;Married-spouse-absent;Prof-specialty;Own-child;White;Female;6849;0;40;United-States;>50K;ok;1,402808666229248;2,3446127113103867;2,0;1,62;100,0;0,0
220;66;;31362;9th;10;Married-civ-spouse;;Husband;White;Male;0;0;20;United-States;<=50K;ok;2,265378952026367;2,3446127113103867;1,0;1,62;100,0;0,0
221;21;State-gov;39236;Some-college;10;Never-married;Prof-specialty;Not-in-family;White;Female;65935;0;8;United-States;>50K;ok;1,9181036949157715;2,3446127113103867;1,0;1,62;100,0;0,0
222;26;Private;192262;HS-grad;10;Married-civ-spouse;Other-service;Husband;White;Male;25964;0;40;United-States;>50K;ok;0,8249471187591553;2,3446127113103867;2,0;1,62;100,0;0,0
223;23;Private;135138;Bachelors;13;Never-married;Sales;Own-child;Asian-Pac-Islander;Male;70408;0;40;United-States;>50K;ok;2,048226833343506;2,3446127113103867;1,0;1,62;100,0;0,0
224;28;Private;115971;Some-college;5;Divorced;Adm-clerical;Unmarried;White;Female;24393;0;40;United-States;>50K;ok;1,804024338722229;2,3446127113103867;2,0;1,62;100,0;0,0
225;52;State-gov;168035;9th;10;Married-civ-spouse;Machine-op-inspct;Husband;White;Male;0;0;45;United-States;<=50K;ok;2,6669726371765137;2,3446127113103867;2,0;1,62;100,0;0,0
226;36;Private;815223;HS-grad;9;Divorced;Prof-specialty;Wife;White;Female;0;0;40;United-States;>50K;ok;3,1535425186157227;2,3446127113103867;2,0;1,62;100,0;0,0
227;35;;108946;HS-grad;9;Divorced;Tech-support;Unmarried;White;Female;21767;0;40;United-States;>50K;ok;3,661022186279297;2,3446127113103867;2,0;1,62;100,0;0,0
228;31;Federal-gov;344200;Some-college;10;Married-civ-spouse;Sales;Husband;White;Male;0;0;40;Haiti;>50K;ok;3,6164937019348145;2,3446127113103867;2,0;1,62;100,0;0,0
229;43;Local-gov;293535;Bachelors;13;Married-civ-spouse;Prof-specialty;Husband;Black;Male;42196;0;40;United-States;>50K;ok;1,227516531944275;2,3446127113103867;1,0;1,62;100,0;0,0
230;30;Federal-gov;49398;Bachelors;13;Married-civ-spouse;Transport-moving;Husband;Amer-Indian-Eskimo;Male;0;0;40;United-States;<=50K;ok;4,662405490875244;2,3446127113103867;2,0;1,62;100,0;0,0
231;30;Local-gov;325385;Bachelors;14;Never-married;Prof-specialty;Not-in-family;White;Male;33672;0;50;United-States;>50K;ok;1,236821174621582;2,3446127113103867;2,0;1,62;100,0;0,0
232;42;Private;208726;Some-college;10;Divorced;Exec-managerial;Unmarried;White;Female;47633;0;45;United-States;>50K;ok;1,3856834173202515;2,3446127113103867;1,0;1,62;100,0;0,0
233;47;Self-emp-not-inc;94100;Bachelors;13;Never-married;Farming-fishing;Not-in-family;White;Male;65128;0;65;United-States;>50K;ok;1,894627332687378;2,3446127113103867;1,0;1,62;100,0;0,0
234;21;Private;126613;Some-college;10;Never-married;Other-service;Not-in-family;White;Female;99548;0;40;United-States;>50K;ok;3,145598888397217;2,3446127113103867;2,0;1,62;100,0;0,0
235;40;Private;421837;Some-college;10;Married-spouse-absent;Prof-specialty;Husband;White;Male;0;0;40;United-States;<=50K;ok;0,6196286082267761;2,3446127113103867;1,0;1,62;100,0;0,0
236;58;Private;473836;7th-8th;4;Widowed;Farming-fishing;Other-relative;White;Female;50455;0;45;Guatemala;>50K;ok;1,4677777290344238;2,3446127113103867;1,0;1,62;100,0;0,0
237;45;Local-gov;234195;HS-grad;9;Divorced;Adm-clerical;Unmarried;White;Female;51459;0;35;Taiwan;>50K;ok;1,5371508598327637;2,3446127113103867;2,0;1,62;100,0;0,0
238;34;Private;361497;11th;7;Married-civ-spouse;Exec-managerial;Husband;White;Male;80173;0;40;United-States;>50K;ok;3,3078458309173584;2,3446127113103867;2,0;1,62;100,0;0,0
239;47;State-gov;119471;7th-8th;4;Never-married;Craft-repair;Not-in-family;Other;Male;20780;0;40;;>50K;ok;1,5638949871063232;2,3446127113103867;2,0;1,62;100,0;0,0
240;18;Self-emp-not-inc;258474;10th;6;Married-spouse-absent;Farming-fishing;Own-child;White;Male;63986;0;40;United-States;>50K;ok;1,961828351020813;2,3446127113103867;2,0;1,62;100,0;0,0
241;21;;177287;Some-college;10;Never-married;;Own-child;White;Female;11850;0;40;United-States;>50K;ok;0,3447263240814209;2,3446127113103867;1,0;1,62;100,0;0,0
242;55;Local-gov;110490;Bachelors;13;Married-civ-spouse;Prof-specialty;Other-relative;White;Female;0;0;60;India;<=50K;ok;3,3456594944000244;2,3446127113103867;2,0;1,62;100,0;0,0
243;41;Private;204682;HS-grad;9;Divorced;Craft-repair;Unmarried;White;Male;82221;0;40;Japan;>50K;ok;2,3286335468292236;2,3446127113103867;1,0;1,62;100,0;0,0
244;20;Private;214387;HS-grad;9;Never-married;Machine-op-inspct;Own-child;White;Male;32696;0;40;United-States;>50K;ok;0,9511536955833435;2,3446127113103867;1,0;1,62;100,0;0,0
245;47;Local-gov;185866;Prof-school;1;Married-civ-spouse;Prof-specialty;Husband;White;Male;0;0;60;;<=50K;ok;4,699740886688232;2,3446127113103867;2,0;1,62;100,0;0,0
246;23;Private;436798;Some-college;5;Married-civ-spouse;Machine-op-inspct;Husband;White;Male;33057;0;40;United-States;>50K;ok;1,9172207117080688;2,3446127113103867;2,0;1,62;100,0;0,0
247;35;Private;226443;HS-grad;9;Married-civ-spouse;Craft-repair;Husband;White;Male;98424;0;40;United-States;>50K;ok;2,870858669281006;2,3446127113103867;2,0;1,62;100,0;0,0
248;34;Private;145231;HS-grad;9;Never-married;Adm-clerical;Wife;White;Female;67298;0;35;United-States;>50K;ok;2,2180233001708984;2,3446127113103867;2,0;1,62;100,0;0,0
249;39;Private;89508;Bachelors;13;Married-civ-spouse;Sales;Not-in-family;White;Male;0;2123;40;United-States;<=50K;ok;3,69138503074646;2,3446127113103867;2,0;1,62;100,0;0,0
250;31;Private;168906;Bachelors;13;Divorced;Exec-managerial;Not-in-family;White;Female;0;1905;50;United-States;>50K;ok;3,266181707382202;2,3446127113103867;1,0;1,62;100,0;0,0
251;33;Private;169496;HS-grad;9;Married-civ-spouse;Protective-serv;Husband;White;Male;0;0;90;United-States;>50K;ok;3,445497512817383;2,3446127113103867;2,0;1,62;100,0;0,0
252;29;Private;359155;HS-grad;9;Separated;Transport-moving;Unmarried;White;Female;81717;0;30;United-States;>50K;ok;2,3772151470184326;2,3446127113103867;1,0;1,62;100,0;0,0
253;40;Private;779249;11th;7;Married-civ-spouse;Prof-specialty;Husband;White;Male;0;0;50;United-States;>50K;ok;3,6778671741485596;2,3446127113103867;2,0;1,62;100,0;0,0
254;30;Private;108386;Assoc-acdm;12;Married-civ-spouse;Craft-repair;Husband;White;Male;66765;0;40;United-States;>50K;ok;1,942249059677124;2,3446127113103867;1,0;1,62;100,0;0,0
255;26;Private;144012;Bachelors;13;Married-civ-spouse;Exec-managerial;Husband;White;Male;0;0;48;United-States;<=50K;ok;2,2217414379119873;2,3446127113103867;2,0;1,62;100,0;0,0
256;29;Private;364986;Bachelors;13;Married-civ-spouse;Exec-managerial;Husband;White;Male;55601;1628;47;United-States;>50K;ok;1,6174790859222412;2,3446127113103867;1,0;1,62;100,0;0,0
257;46;Self-emp-not-inc;199596;Some-college;10;Divorced;Armed-Forces;Unmarried;White;Female;39703;0;50;United-States;>50K;ok;1,246634602546692;2,3446127113103867;2,0;1,62;100,0;0,0
258;27;Private;211032;Preschool;1;Married-civ-spouse;Craft-repair;Other-relative;White;Male;5602;0;24;Mexico;<=50K;ok;1,1397994756698608;2,3446127113103867;2,0;1,62;100,0;0,0
259;69;Self-emp-not-inc;106347;Some-college;10;Divorced;Sales;Unmarried;White;Male;60991;0;47;United-States;>50K;ok;2,7421226501464844;2,3446127113103867;2,0;1,62;100,0;0,0
260;44;State-gov;1144515;Doctorate;16;Never-married;Prof-specialty;Not-in-family;White;Male;0;0;80;United-States;>50K;ok;5,773348808288574;2,3446127113103867;2,0;1,62;100,0;0,0
261;38;Private;91857;Some-college;10;Married-civ-spouse;Craft-repair;Husband;White;Male;0;0;1;United-States;<=50K;ok;2,591789484024048;2,3446127113103867;1,0;1,62;100,0;0,0
262;55;Private;164332;HS-grad;9;Separated;Other-service;Not-in-family;White;Female;28365;0;16;United-States;>50K;ok;0,825161337852478;2,3446127113103867;1,0;1,62;100,0;0,0
263;33;Local-gov;173005;Bachelors;13;Married-civ-spouse;Adm-clerical;Husband;White;Male;0;1299;45;United-States;<=50K;ok;0,9412775039672852;2,3446127113103867;1,0;1,62;100,0;0,0
264;37;Private;186191;HS-grad;9;Married-civ-spouse;Adm-clerical;Wife;White;Male;0;0;45;;>50K;ok;3,4818601608276367;2,3446127113103867;2,0;1,62;100,0;0,0
265;40;Private;926219;Some-college;10;Divorced;Adm-clerical;Wife;White;Female;0;0;40;United-States;>50K;ok;3,9039058685302734;2,3446127113103867;2,0;1,62;100,0;0,0
266;53;Self-emp-not-inc;263439;Assoc-voc;5;Married-civ-spouse;Sales;Husband;White;Male;0;0;50;United-States;<=50K;ok;1,9903199672698975;2,3446127113103867;1,0;1,62;100,0;0,0
267;35;Private;379959;HS-grad;9;Divorced;Other-service;Other-relative;White;Female;22858;0;40;United-States;>50K;ok;0,9051296710968018;2,3446127113103867;2,0;1,62;100,0;0,0
268;53;Self-emp-not-inc;197014;HS-grad;9;Never-married;Priv-house-serv;Not-in-family;White;Male;55106;0;35;United-States;>50K;ok;2,1332285404205322;2,3446127113103867;2,0;1,62;100,0;0,0
269;38;Federal-gov;172571;Some-college;10;Married-civ-spouse;Adm-clerical;Not-in-family;White;Male;96110;0;40;United-States;>50K;ok;3,058255195617676;2,3446127113103867;2,0;1,62;100,0;0,0
270;36;Private;93225;Bachelors;13;Never-married;Craft-repair;Not-in-family;White;Male;36298;0;35;United-States;>50K;ok;1,0559388399124146;2,3446127113103867;1,0;1,62;100,0;0,0
271;48;Private;192337;Bachelors;13;Separated;Sales;Not-in-family;White;Male;0;0;88;United-States;>50K;ok;2,5408334732055664;2,3446127113103867;2,0;1,62;100,0;0,0
272;59;Self-emp-not-inc;96459;7th-8th;4;Married-civ-spouse;Craft-repair;Husband;White;Male;65717;0;40;United-States;>50K;ok;1,9117618799209595;2,3446127113103867;1,0;1,62;100,0;0,0
273;43;Private;548580;Some-college;10;Married-civ-spouse;Craft-repair;Husband;White;Male;0;1522;40;Guatemala;<=50K;ok;2,700974225997925;2,3446127113103867;2,0;1,62;100,0;0,0
274;52;Self-emp-not-inc;173839;10th;6;Married-civ-spouse;Exec-managerial;Husband;White;Male;82612;0;60;United-States;>50K;ok;2,4032514095306396;2,3446127113103867;1,0;1,62;100,0;0,0
275;56;Private;193622;HS-grad;9;Separated;Craft-repair;Unmarried;White;Male;25220;0;1;United-States;>50K;ok;2,631344795227051;2,3446127113103867;2,0;1,62;100,0;0,0
276;52;Private;112959;Some-college;10;Widowed;Sales;Not-in-family;White;Female;54380;0;40;United-States;>50K;ok;1,5819592475891113;2,3446127113103867;1,0;1,62;100,0;0,0
277;31;Private;331225;HS-grad;9;Never-married;Other-service;Own-child;Black;Female;14532;0;20;United-States;>50K;ok;0,8240994215011597;2,3446127113103867;2,0;1,62;100,0;0,0
278;17;Private;820597;11th;7;Never-married;Adm-clerical;Own-child;White;Female;19468;0;12;United-States;>50K;ok;2,9038312435150146;2,3446127113103867;2,0;1,62;100,0;0,0
279;73;Private;174732;Some-college;10;Never-married;Other-service;Own-child;Black;Male;53621;0;25;United-States;>50K;ok;4,073797225952148;2,3446127113103867;2,0;1,62;100,0;0,0
280;60;Self-emp-inc;214994;Some-college;10;Married-spouse-absent;Exec-managerial;Husband;White;Male;0;0;55;United-States;<=50K;ok;1,0408300161361694;2,3446127113103867;2,0;1,62;100,0;0,0
281;48;Self-emp-not-inc;165939;Some-college;10;Married-civ-spouse;Prof-specialty;Husband;White;Male;0;0;79;United-States;>50K;ok;1,978164553642273;2,3446127113103867;2,0;1,62;100,0;0,0
282;28;Private;138692;Some-college;10;Never-married;Craft-repair;Own-child;White;Male;97432;0;50;United-States;>50K;ok;2,8343775272369385;2,3446127113103867;1,0;1,62;100,0;0,0
283;46;Local-gov;185057;HS-grad;14;Never-married;Prof-specialty;Not-in-family;White;Female;0;0;40;United-States;>50K;ok;0,4298589527606964;2,3446127113103867;2,0;1,62;100,0;0,0
284;78;Self-emp-not-inc;64112;Some-college;10;Married-civ-spouse;Farming-fishing;Husband;White;Male;0;0;50;United-States;>50K;ok;2,43919038772583;2,3446127113103867;1,0;1,62;100,0;0,0
285;35;Private;187089;Assoc-voc;1;Married-civ-spouse;Exec-managerial;Wife;White;Female;0;0;42;Japan;<=50K;ok;3,923149824142456;2,3446127113103867;2,0;1,62;100,0;0,0
286;56;Private;134195;10th;10;Never-married;Sales;Not-in-family;White;Male;0;0;50;United-States;<=50K;ok;3,299100160598755;2,3446127113103867;2,0;1,62;100,0;0,0
287;47;Private;165484;Some-college;10;Married-civ-spouse;Craft-repair;Husband;White;Male;0;0;33;United-States;<=50K;ok;0,6479474306106567;2,3446127113103867;1,0;1,62;100,0;0,0
288;70;Private;210673;10th;6;Widowed;;Other-relative;White;Male;21233;0;20;United-States;>50K;ok;3,341541051864624;2,3446127113103867;2,0;1,62;100,0;0,0
289;17;Local-gov;100226;Bachelors;13;Married-spouse-absent;Adm-clerical;Wife;White;Female;0;0;40;United-States;<=50K;ok;2,51666259765625;2,3446127113103867;2,0;1,62;100,0;0,0
290;31;Private;121768;Assoc-acdm;12;Divorced;Adm-clerical;Own-child;White;Female;38423;0;35;Poland;>50K;ok;1,2753316164016724;2,3446127113103867;2,0;1,62;100,0;0,0
291;53;Private;170701;Bachelors;13;Divorced;Adm-clerical;Unmarried;White;Male;32050;0;40;United-States;>50K;ok;2,2779107093811035;2,3446127113103867;2,0;1,62;100,0;0,0
292;49;Private;152652;11th;7;Never-married;Handlers-cleaners;Own-child;White;Male;82220;0;25;United-States;>50K;ok;3,2702229022979736;2,3446127113103867;2,0;1,62;100,0;0,0
293;36;Private;101318;Some-college;10;Married-spouse-absent;Prof-specialty;Not-in-family;Asian-Pac-Islander;Male;11854;0;40;China;>50K;ok;2,106773853302002;2,3446127113103867;2,0;1,62;100,0;0,0
294;35;Private;112077;HS-grad;9;Married-civ-spouse;Handlers-cleaners;Husband;White;Male;25786;0;40;United-States;>50K;ok;0,604303777217865;2,3446127113103867;1,0;1,62;100,0;0,0
295;30;Self-emp-not-inc;377539;Bachelors;13;Divorced;Sales;Not-in-family;White;Male;0;2444;55;United-States;>50K;ok;1,1334139108657837;2,3446127113103867;1,0;1,62;100,0;0,0
296;35;Private;129573;HS-grad;9;Married-civ-spouse;Transport-moving;Husband;White;Male;34335;0;65;United-States;>50K;ok;0,9988335371017456;2,3446127113103867;1,0;1,62;100,0;0,0
297;36;Local-gov;197495;Bachelors;13;Divorced;Prof-specialty;Not-in-family;Black;Female;93245;0;40;United-States;>50K;ok;3,2790048122406006;2,3446127113103867;2,0;1,62;100,0;0,0
298;43;Private;270522;HS-grad;9;Married-spouse-absent;Other-service;Not-in-family;White;Female;70725;0;26;United-States;>50K;ok;2,401844024658203;2,3446127113103867;2,0;1,62;100,0;0,0
299;48;Private;460764;Some-college;10;Divorced;Transport-moving;Not-in-family;White;Male;3325;0;53;United-States;>50K;ok;0,5444192290306091;2,3446127113103867;1,0;1,62;100,0;0,0
300;46;Private;72619;Some-college;10;Married-civ-spouse;Exec-managerial;Wife;White;Female;17195;0;40;United-States;>50K;ok;0,5002167820930481;2,3446127113103867;1,0;1,62;100,0;0,0
301;49;Private;62546;Bachelors;5;Married-civ-spouse;Exec-managerial;Other-relative;White;Male;0;0;40;United-States;<=50K;ok;2,92417573928833;2,3446127113103867;2,0;1,62;100,0;0,0
302;26;Private;98155;HS-grad;9;Married-AF-spouse;Sales;Husband;White;Male;51369;0;55;United-States;>50K;ok;1,4943666458129883;2,3446127113103867;1,0;1,62;100,0;0,0
303;23;Private;175837;Assoc-voc;7;Never-married;Farming-fishing;Other-relative;White;Female;63548;0;40;Puerto-Rico;>50K;ok;2,553833484649658;2,3446127113103867;2,0;1,62;100,0;0,0
304;56;Federal-gov;156842;Some-college;10;Separated;Other-service;Not-in-family;Black;Male;8404;0;40;United-States;>50K;ok;0,24447929859161377;2,3446127113103867;1,0;1,62;100,0;0,0
305;39;Local-gov;301614;11th;11;Married-civ-spouse;Protective-serv;Husband;White;Male;610;0;48;United-States;<=50K;ok;1,7620508670806885;2,3446127113103867;2,0;1,62;100,0;0,0
306;26;Private;65706;HS-grad;9;Divorced;Other-service;Unmarried;White;Female;24520;0;40;United-States;>50K;ok;0,9498486518859863;2,3446127113103867;2,0;1,62;100,0;0,0
307;18;Private;430622;HS-grad;9;Never-married;Handlers-cleaners;Own-child;White;Male;87673;0;12;United-States;>50K;ok;3,0892817974090576;2,3446127113103867;2,0;1,62;100,0;0,0
308;42;Self-emp-inc;277488;Prof-school;15;Married-spouse-absent;Prof-specialty;Unmarried;White;Male;2896;0;65;United-States;<=50K;ok;2,557706594467163;2,3446127113103867;3,0;1,62;100,0;0,0
309;20;Private;33551;HS-grad;9;Never-married;Transport-moving;Own-child;White;Male;76124;0;40;Portugal;>50K;ok;2,3802807331085205;2,3446127113103867;2,0;1,62;100,0;0,0
310;33;Private;118786;Bachelors;13;Never-married;Sales;Not-in-family;White;Male;92799;1590;40;United-States;>50K;ok;2,6995997428894043;2,3446127113103867;1,0;1,62;100,0;0,0
311;32;Private;72591;HS-grad;9;Married-civ-spouse;Craft-repair;Husband;White;Male;0;0;58;United-States;>50K;ok;1,1663053035736084;2,3446127113103867;1,0;1,62;100,0;0,0
312;44;Private;120277;Bachelors;13;Married-civ-spouse;Prof-specialty;Husband;White;Female;2311;0;50;Italy;<=50K;ok;2,1110081672668457;2,3446127113103867;2,0;1,62;100,0;0,0
313;59;Self-emp-not-inc;190997;10th;6;Married-civ-spouse;Exec-managerial;Husband;White;Male;44488;0;36;United-States;>50K;ok;1,2941927909851074;2,3446127113103867;1,0;1,62;100,0;0,0
314;21;Private;251603;HS-grad;9;Never-married;Adm-clerical;Not-in-family;White;Female;85778;0;40;United-States;>50K;ok;2,4953529834747314;2,3446127113103867;1,0;1,62;100,0;0,0
315;27;Private;232801;Assoc-voc;6;Divorced;Machine-op-inspct;Other-relative;White;Female;39997;0;40;United-States;>50K;ok;2,325662612915039;2,3446127113103867;2,0;1,62;100,0;0,0
316;77;Private;99357;Masters;14;Married-civ-spouse;Prof-specialty;Wife;White;Female;4240;0;50;United-States;<=50K;ok;2,9437925815582275;2,3446127113103867;2,0;1,62;100,0;0,0
317;50;Private;85815;Assoc-voc;11;Divorced;Prof-specialty;Not-in-family;Asian-Pac-Islander;Male;33507;0;38;United-States;>50K;ok;0,9747463464736938;2,3446127113103867;1,0;1,62;100,0;0,0
318;39;Private;172186;HS-grad;13;Married-civ-spouse;Other-service;Unmarried;White;Male;5013;0;40;United-States;>50K;ok;2,7917838096618652;2,3446127113103867;2,0;1,62;100,0;0,0
319;35;Private;910807;Some-college;10;Married-civ-spouse;Prof-specialty;Husband;White;Male;0;0;40;United-States;>50K;ok;3,03981876373291;2,3446127113103867;1,0;1,62;100,0;0,0
320;63;State-gov;89451;Prof-school;2;Married-civ-spouse;Prof-specialty;Husband;White;Male;0;0;40;Honduras;<=50K;ok;5,335526943206787;2,3446127113103867;2,0;1,62;100,0;0,0
321;35;Private;46028;Assoc-acdm;12;Divorced;Other-service;Unmarried;White;Female;66278;0;50;United-States;>50K;ok;1,9280818700790405;2,3446127113103867;1,0;1,62;100,0;0,0
322;27;Private;179681;Assoc-voc;11;Married-spouse-absent;Tech-support;Own-child;White;Female;45347;0;40;United-States;>50K;ok;1,3191816806793213;2,3446127113103867;1,0;1,62;100,0;0,0
323;55;;227203;Assoc-acdm;12;Married-spouse-absent;;Not-in-family;White;Female;10911;0;5;United-States;>50K;ok;0,3174099922180176;2,3446127113103867;1,0;1,62;100,0;0,0
324;54;Private;96062;Assoc-acdm;12;Married-civ-spouse;Tech-support;Husband;White;Female;25003;0;40;United-States;>50K;ok;2,201960325241089;2,3446127113103867;2,0;1,62;100,0;0,0
325;58;Private;191069;HS-grad;9;Married-civ-spouse;Sales;Husband;White;Male;0;1442;40;United-States;<=50K;ok;2,472353935241699;2,3446127113103867;1,0;1,62;100,0;0,0
326;28;;308493;HS-grad;9;Married-civ-spouse;;Wife;White;Female;29040;0;17;Honduras;>50K;ok;0,8447976112365723;2,3446127113103867;1,0;1,62;100,0;0,0
327;28;Private;145242;Bachelors;13;Married-AF-spouse;Prof-specialty;Wife;White;Female;4386;0;20;United-States;<=50K;ok;0,6196286678314209;2,3446127113103867;1,0;1,62;100,0;0,0
328;47;Local-gov;219632;Assoc-acdm;8;Separated;Exec-managerial;Not-in-family;White;Male;24789;1408;40;United-States;>50K;ok;1,5101796388626099;2,3446127113103867;2,0;1,62;100,0;0,0
329;39;Private;61178;Bachelors;13;Divorced;Adm-clerical;Unmarried;White;Male;96791;0;40;United-States;>50K;ok;2,815730094909668;2,3446127113103867;1,0;1,62;100,0;0,0
330;43;Private;117915;Masters;14;Never-married;Adm-clerical;Not-in-family;White;Male;0;0;63;United-States;<=50K;ok;1,490278959274292;2,3446127113103867;1,0;1,62;100,0;0,0
331;47;Local-gov;1091695;HS-grad;9;Married-civ-spouse;Other-service;Husband;White;Male;4386;0;40;United-States;>50K;ok;3,995878219604492;2,3446127113103867;1,0;1,62;100,0;0,0
332;31;Private;113129;HS-grad;9;Married-civ-spouse;Sales;Wife;White;Male;86897;0;40;United-States;>50K;ok;3,97713041305542;2,3446127113103867;2,0;1,62;100,0;0,0
333;51;Local-gov;153908;Masters;14;Divorced;Exec-managerial;Not-in-family;White;Female;2290;0;40;United-States;<=50K;ok;0,06661802530288696;2,3446127113103867;1,0;1,62;100,0;0,0
334;52;Self-emp-inc;132178;Bachelors;13;Married-civ-spouse;Priv-house-serv;Other-relative;White;Male;0;0;50;United-States;<=50K;ok;1,6982102394104004;2,3446127113103867;2,0;1,62;100,0;0,0
335;59;State-gov;100270;Masters;14;Divorced;Prof-specialty;Husband;White;Female;0;0;60;Honduras;>50K;ok;3,2013261318206787;2,3446127113103867;2,0;1,62;100,0;0,0
336;39;Private;240841;Some-college;10;Never-married;Other-service;Not-in-family;White;Female;8439;0;25;United-States;>50K;ok;0,24549752473831177;2,3446127113103867;1,0;1,62;100,0;0,0
337;17;Private;237943;Bachelors;13;Married-civ-spouse;Prof-specialty;Husband;White;Female;0;1977;45;United-States;<=50K;ok;2,4643263816833496;2,3446127113103867;2,0;1,62;100,0;0,0
338;33;Private;254933;11th;7;Married-civ-spouse;Transport-moving;Husband;White;Male;57987;0;40;United-States;>50K;ok;1,7766362428665161;2,3446127113103867;2,0;1,62;100,0;0,0
339;46;Self-emp-not-inc;231347;Some-college;10;Separated;Machine-op-inspct;Not-in-family;White;Male;42939;0;20;United-States;>50K;ok;1,4337115287780762;2,3446127113103867;2,0;1,62;100,0;0,0
340;39;Private;50700;HS-grad;9;Married-civ-spouse;Prof-specialty;Husband;White;Female;29297;0;40;United-States;>50K;ok;2,24631929397583;2,3446127113103867;2,0;1,62;100,0;0,0
341;48;Self-emp-inc;131762;HS-grad;9;Never-married;Other-service;Not-in-family;White;Female;89207;0;30;United-States;>50K;ok;2,6934471130371094;2,3446127113103867;2,0;1,62;100,0;0,0
342;50;Self-emp-inc;119099;Some-college;10;Separated;Exec-managerial;Other-relative;White;Male;0;0;99;United-States;<=50K;ok;2,2279627323150635;2,3446127113103867;2,0;1,62;100,0;0,0
343;22;Private;50163;9th;5;Never-married;Transport-moving;Own-child;White;Male;30891;0;40;United-States;>50K;ok;0,898644745349884;2,3446127113103867;1,0;1,62;100,0;0,0
344;41;Private;119079;HS-grad;9;Married-civ-spouse;Sales;Husband;White;Male;82513;0;49;United-States;>50K;ok;2,400371551513672;2,3446127113103867;1,0;1,62;100,0;0,0
345;33;Private;205469;Some-college;15;Married-civ-spouse;Exec-managerial;Husband;Black;Male;0;0;40;United-States;>50K;ok;2,822298765182495;2,3446127113103867;2,0;1,62;100,0;0,0
346;47;Private;247379;HS-grad;9;Never-married;Handlers-cleaners;Not-in-family;White;Male;84939;1878;45;United-States;>50K;ok;4,0587263107299805;2,3446127113103867;2,0;1,62;100,0;0,0
347;50;Private;117295;10th;6;Married-civ-spouse;Craft-repair;Husband;White;Male;29323;0;40;United-States;>50K;ok;0,8530303239822388;2,3446127113103867;1,0;1,62;100,0;0,0
348;33;Private;119176;Some-college;15;Widowed;Adm-clerical;Unmarried;White;Female;45957;0;40;United-States;>50K;ok;2,1303353309631348;2,3446127113103867;2,0;1,62;100,0;0,0
349;38;Private;186191;HS-grad;9;Married-civ-spouse;Armed-Forces;Own-child;White;Male;0;0;55;United-States;<=50K;ok;1,8571040630340576;2,3446127113103867;2,0;1,62;100,0;0,0
350;18;Private;580911;11th;7;Never-married;Sales;Not-in-family;White;Female;33137;0;15;United-States;>50K;ok;1,7938472032546997;2,3446127113103867;2,0;1,62;100,0;0,0
351;20;Federal-gov;26585;HS-grad;9;Married-civ-spouse;Other-service;Not-in-family;Amer-Indian-Eskimo;Female;88902;0;25;United-States;>50K;ok;2,867814064025879;2,3446127113103867;2,0;1,62;100,0;0,0
352;37;Private;340599;11th;7;Separated;Other-service;Other-relative;Black;Female;77332;0;40;United-States;>50K;ok;2,563063621520996;2,3446127113103867;2,0;1,62;100,0;0,0
353;41;Private;227065;HS-grad;9;Never-married;Protective-serv;Own-child;White;Male;42930;0;40;United-States;>50K;ok;1,433483362197876;2,3446127113103867;2,0;1,62;100,0;0,0
354;63;Private;264600;10th;6;Married-civ-spouse;Adm-clerical;Husband;White;Male;92816;0;45;United-States;>50K;ok;2,700094223022461;2,3446127113103867;1,0;1,62;100,0;0,0
355;38;Self-emp-not-inc;187098;Masters;14;Married-civ-spouse;Prof-specialty;Not-in-family;White;Female;79821;0;48;United-States;>50K;ok;2,6320555210113525;2,3446127113103867;2,0;1,62;100,0;0,0
356;48;Private;193451;10th;6;Married-civ-spouse;Machine-op-inspct;Husband;White;Male;23173;0;40;United-States;>50K;ok;0,6741217374801636;2,3446127113103867;1,0;1,62;100,0;0,0
357;29;Private;1066078;Bachelors;13;Married-civ-spouse;Sales;Husband;White;Male;0;0;41;United-States;>50K;ok;4,87261962890625;2,3446127113103867;1,0;1,62;100,0;0,0
358;52;Local-gov;137753;HS-grad;9;Married-civ-spouse;Other-service;Wife;Black;Female;83499;2051;20;United-States;>50K;ok;4,273886203765869;2,3446127113103867;2,0;1,62;100,0;0,0
359;27;Private;37088;9th;5;Never-married;Sales;Own-child;White;Male;99981;0;30;United-States;>50K;ok;3,0561254024505615;2,3446127113103867;2,0;1,62;100,0;0,0
360;36;Local-gov;174640;Assoc-voc;11;Never-married;Armed-Forces;Not-in-family;Black;Female;48935;0;60;United-States;>50K;ok;2,5462372303009033;2,3446127113103867;2,0;1,62;100,0;0,0
361;63;Private;361631;Masters;14;Separated;Prof-specialty;Not-in-family;Amer-Indian-Eskimo;Female;0;1063;40;United-States;<=50K;ok;4,91724967956543;2,3446127113103867;2,0;1,62;100,0;0,0
362;17;Private;245918;11th;7;Never-married;Other-service;Own-child;White;Male;88267;0;94;United-States;>50K;ok;5,901114463806152;2,3446127113103867;2,0;1,62;100,0;0,0
363;48;Private;68684;HS-grad;9;Married-civ-spouse;Transport-moving;Husband;White;Male;7965;0;40;United-States;>50K;ok;0,41846176981925964;2,3446127113103867;2,0;1,62;100,0;0,0
364;29;Private;179565;Bachelors;13;Never-married;Adm-clerical;Not-in-family;White;Female;97867;0;40;United-States;>50K;ok;2,847032070159912;2,3446127113103867;1,0;1,62;100,0;0,0
365;21;Private;225823;Some-college;10;Never-married;Adm-clerical;Not-in-family;White;Female;9121;0;40;United-States;>50K;ok;0,2653374671936035;2,3446127113103867;1,0;1,62;100,0;0,0
366;51;Private;194097;HS-grad;9;Married-spouse-absent;;Husband;White;Male;0;0;40;United-States;<=50K;ok;1,1244089603424072;2,3446127113103867;2,0;1,62;100,0;0,0
367;40;Private;179524;Bachelors;13;Never-married;Prof-specialty;Other-relative;White;Female;22849;0;40;United-States;>50K;ok;0,9049373269081116;2,3446127113103867;2,0;1,62;100,0;0,0
368;24;Local-gov;146325;Doctorate;2;Married-civ-spouse;Prof-specialty;Husband;White;Male;0;1887;40;United-States;<=50K;ok;5,010801315307617;2,3446127113103867;2,0;1,62;100,0;0,0
369;43;Self-emp-inc;51415;Some-college;10;Married-civ-spouse;Sales;Husband;White;Male;0;2724;40;United-States;<=50K;ok;4,960849285125732;2,3446127113103867;2,0;1,62;100,0;0,0
370;60;;230816;Assoc-voc;11;Never-married;;Not-in-family;White;Male;60438;0;30;United-States;>50K;ok;1,891275405883789;2,3446127113103867;2,0;1,62;100,0;0,0
371;45;Self-emp-inc;876437;HS-grad;9;Married-civ-spouse;Sales;Husband;White;Male;0;0;75;United-States;>50K;ok;3,914458990097046;2,3446127113103867;2,0;1,62;100,0;0,0
372;63;Private;161563;HS-grad;9;Married-civ-spouse;Craft-repair;Husband;White;Male;80426;0;48;Jamaica;>50K;ok;3,2592902183532715;2,3446127113103867;2,0;1,62;100,0;0,0
373;44;Local-gov;68318;Masters;14;Married-civ-spouse;Prof-specialty;Own-child;White;Female;58249;0;55;United-States;>50K;ok;2,099316120147705;2,3446127113103867;2,0;1,62;100,0;0,0
374;42;Self-emp-inc;120277;Doctorate;14;Married-civ-spouse;Exec-managerial;Husband;White;Female;0;0;40;United-States;<=50K;ok;2,1384594440460205;2,3446127113103867;2,0;1,62;100,0;0,0
375;49;Private;642314;HS-grad;9;Married-civ-spouse;Transport-moving;Husband;Black;Male;0;0;40;United-States;>50K;ok;2,3837265968322754;2,3446127113103867;1,0;1,62;100,0;0,0
376;57;Self-emp-not-inc;84231;Some-college;10;Married-civ-spouse;Other-service;Husband;White;Male;28306;0;48;United-States;>50K;ok;0,8234449625015259;2,3446127113103867;1,0;1,62;100,0;0,0
377;56;Private;134756;HS-grad;15;Never-married;Other-service;Not-in-family;Black;Female;6466;0;40;United-States;>50K;ok;1,9991888999938965;2,3446127113103867;2,0;1,62;100,0;0,0
378;45;Private;198223;Bachelors;13;Married-civ-spouse;Sales;Husband;White;Male;3385;1902;36;United-States;<=50K;ok;0,591408371925354;2,3446127113103867;2,0;1,62;100,0;0,0
379;49;Private;237920;Doctorate;2;Married-civ-spouse;Sales;Unmarried;White;Male;0;0;60;United-States;<=50K;ok;5,253658294677734;2,3446127113103867;2,0;1,62;100,0;0,0
380;49;Private;31267;7th-8th;11;Separated;Craft-repair;Husband;White;Male;0;0;40;United-States;>50K;ok;2,9744455814361572;2,3446127113103867;2,0;1,62;100,0;0,0
381;43;Private;143583;10th;14;Married-civ-spouse;Handlers-cleaners;Husband;Black;Male;0;0;40;United-States;>50K;ok;2,6537599563598633;2,3446127113103867;1,0;1,62;100,0;0,0
382;53;Local-gov;135102;7th-8th;9;Married-civ-spouse;Other-service;Husband;White;Male;92553;2002;45;United-States;>50K;ok;3,0870883464813232;2,3446127113103867;2,0;1,62;100,0;0,0
383;52;Federal-gov;23780;12th;10;Divorced;Adm-clerical;Not-in-family;White;Male;0;0;40;United-States;>50K;ok;3,272213935852051;2,3446127113103867;1,0;1,62;100,0;0,0
384;21;Private;164177;10th;9;Married-civ-spouse;Craft-repair;Husband;White;Male;10554;0;40;United-States;>50K;ok;2,785767078399658;2,3446127113103867;2,0;1,62;100,0;0,0
385;50;Private;205803;10th;14;Married-civ-spouse;Sales;Husband;White;Male;1873;0;40;United-States;<=50K;ok;3,0446369647979736;2,3446127113103867;2,0;1,62;100,0;0,0
386;53;Local-gov;248834;Bachelors;13;Married-civ-spouse;Prof-specialty;Not-in-family;White;Female;0;0;50;Nicaragua;<=50K;ok;3,0133328437805176;2,3446127113103867;2,0;1,62;100,0;0,0
387;29;Private;114801;Some-college;10;Married-civ-spouse;Exec-managerial;Husband;White;Male;85949;0;40;United-States;>50K;ok;2,5003275871276855;2,3446127113103867;1,0;1,62;100,0;0,0
388;21;Private;212213;Assoc-acdm;12;Never-married;Adm-clerical;Not-in-family;Black;Female;24157;0;40;;>50K;ok;0,7846799492835999;2,3446127113103867;2,0;1,62;100,0;0,0
389;17;Private;169037;11th;7;Never-married;Handlers-cleaners;Husband;White;Male;84617;0;40;United-States;>50K;ok;3,0746026039123535;2,3446127113103867;2,0;1,62;100,0;0,0
390;38;Private;200818;Prof-school;6;Married-civ-spouse;Other-service;Husband;White;Male;0;0;40;United-States;<=50K;ok;3,0221152305603027;2,3446127113103867;2,0;1,62;100,0;0,0
391;18;Private;212370;HS-grad;9;Married-civ-spouse;Craft-repair;Husband;White;Male;42471;0;25;United-States;>50K;ok;1,2355165481567383;2,3446127113103867;1,0;1,62;100,0;0,0
392;25;Local-gov;367251;Some-college;10;Married-civ-spouse;Craft-repair;Husband;Black;Male;0;0;40;United-States;<=50K;ok;1,4635143280029297;2,3446127113103867;1,0;1,62;100,0;0,0
393;27;Private;167405;HS-grad;9;Married-spouse-absent;Farming-fishing;Own-child;White;Female;22913;0;73;Mexico;>50K;ok;2,2397124767303467;2,3446127113103867;2,0;1,62;100,0;0,0
394;55;Self-emp-not-inc;150917;7th-8th;4;Married-civ-spouse;;Husband;White;Male;96609;0;80;United-States;>50K;ok;2,8971967697143555;2,3446127113103867;2,0;1,62;100,0;0,0
395;47;Federal-gov;137917;Some-college;8;Married-civ-spouse;Adm-clerical;Husband;Black;Male;0;0;15;United-States;<=50K;ok;1,750464677810669;2,3446127113103867;2,0;1,62;100,0;0,0
396;27;Private;81540;HS-grad;9;Married-civ-spouse;Craft-repair;Husband;White;Male;85074;0;40;United-States;>50K;ok;2,4748730659484863;2,3446127113103867;1,0;1,62;100,0;0,0
397;41;Self-emp-not-inc;100800;Masters;14;Divorced;Prof-specialty;Not-in-family;White;Male;89187;0;35;United-States;>50K;ok;2,6928865909576416;2,3446127113103867;2,0;1,62;100,0;0,0
398;34;Federal-gov;112115;Some-college;11;Never-married;Craft-repair;Other-relative;White;Male;51357;0;40;United-States;>50K;ok;1,5304008722305298;2,3446127113103867;2,0;1,62;100,0;0,0
399;27;Private;251905;Assoc-voc;11;Never-married;Exec-managerial;Own-child;White;Male;92178;0;50;United-States;>50K;ok;2,6815342903137207;2,3446127113103867;1,0;1,62;100,0;0,0
400;45;Self-emp-not-inc;285575;Doctorate;9;Married-civ-spouse;Exec-managerial;Husband;Asian-Pac-Islander;Male;45690;0;40;China;>50K;ok;1,3527835607528687;2,3446127113103867;2,0;1,62;100,0;0,0
401;40;Private;114157;HS-grad;9;Married-civ-spouse;Prof-specialty;Husband;White;Male;42207;0;40;United-States;>50K;ok;1,4151971340179443;2,3446127113103867;2,0;1,62;100,0;0,0
402;27;Private;175034;Bachelors;13;Never-married;Adm-clerical;Not-in-family;White;Female;55459;0;40;United-States;>50K;ok;1,6133482456207275;2,3446127113103867;1,0;1,62;100,0;0,0
403;66;Local-gov;261062;Masters;14;Widowed;Prof-specialty;Not-in-family;White;Female;78970;0;28;United-States;>50K;ok;2,4253172874450684;2,3446127113103867;2,0;1,62;100,0;0,0
404;63;Self-emp-not-inc;28612;HS-grad;9;Widowed;Sales;Not-in-family;White;Male;56212;0;70;United-States;>50K;ok;1,635253667831421;2,3446127113103867;1,0;1,62;100,0;0,0
405;39;Private;129597;Bachelors;13;Married-civ-spouse;Sales;Husband;White;Male;49030;0;40;Vietnam;>50K;ok;1,3369954824447632;2,3446127113103867;2,0;1,62;100,0;0,0
406;45;Local-gov;198759;HS-grad;9;Separated;Exec-managerial;Husband;White;Male;0;2234;40;United-States;<=50K;ok;1,973182201385498;2,3446127113103867;2,0;1,62;100,0;0,0
407;44;Private;231793;Some-college;9;Never-married;Exec-managerial;Not-in-family;White;Female;60614;0;52;United-States;>50K;ok;2,030513286590576;2,3446127113103867;2,0;1,62;100,0;0,0
408;21;Private;344891;Some-college;10;Never-married;Adm-clerical;Own-child;Asian-Pac-Islander;Male;43815;0;20;United-States;>50K;ok;1,2746145725250244;2,3446127113103867;1,0;1,62;100,0;0,0
409;52;Self-emp-inc;287927;HS-grad;9;Married-civ-spouse;Exec-managerial;Wife;White;Female;4052;0;40;United-States;<=50K;ok;0,3191845417022705;2,3446127113103867;1,0;1,62;100,0;0,0
410;38;Federal-gov;307404;Some-college;10;Divorced;Adm-clerical;Unmarried;White;Female;95134;0;40;United-States;>50K;ok;2,767526626586914;2,3446127113103867;1,0;1,62;100,0;0,0
411;55;;104756;Some-college;10;Widowed;;Unmarried;White;Female;91578;0;8;United-States;>50K;ok;2,7369191646575928;2,3446127113103867;2,0;1,62;100,0;0,0
412;31;Federal-gov;25216;Bachelors;13;Divorced;Exec-managerial;Unmarried;White;Female;0;0;40;United-States;>50K;ok;1,4423378705978394;2,3446127113103867;1,0;1,62;100,0;0,0
413;25;Private;36943;Assoc-acdm;12;Divorced;Other-service;Not-in-family;White;Female;16233;1177;32;United-States;>50K;ok;2,0725200176239014;2,3446127113103867;2,0;1,62;100,0;0,0
414;24;Local-gov;254148;Some-college;10;Married-civ-spouse;Farming-fishing;Husband;Other;Male;0;0;40;Mexico;<=50K;ok;2,141690731048584;2,3446127113103867;2,0;1,62;100,0;0,0
415;33;Private;112584;Some-college;10;Divorced;Sales;Not-in-family;White;Female;15471;0;25;United-States;>50K;ok;0,45006418228149414;2,3446127113103867;1,0;1,62;100,0;0,0
416;32;Private;152156;HS-grad;9;Separated;Craft-repair;Not-in-family;Amer-Indian-Eskimo;Male;41503;0;53;United-States;>50K;ok;4,7239155769348145;2,3446127113103867;2,0;1,62;100,0;0,0
417;27;Private;244566;10th;6;Married-civ-spouse;Handlers-cleaners;Husband;White;Male;34096;486;40;United-States;>50K;ok;1,2954355478286743;2,3446127113103867;2,0;1,62;100,0;0,0
418;19;State-gov;56424;12th;8;Never-married;Transport-moving;Own-child;Black;Male;75330;0;20;Cambodia;>50K;ok;5,837923049926758;2,3446127113103867;2,0;1,62;100,0;0,0
419;43;Private;112967;Some-college;10;Married-civ-spouse;Protective-serv;Husband;White;Male;14351;2171;40;United-States;>50K;ok;3,7455861568450928;2,3446127113103867;2,0;1,62;100,0;0,0
420;37;Private;161141;Assoc-voc;11;Married-civ-spouse;Craft-repair;Husband;White;Male;0;1895;40;Portugal;>50K;ok;3,2490365505218506;2,3446127113103867;1,0;1,62;100,0;0,0
421;51;State-gov;781548;Some-college;10;Never-married;Protective-serv;Not-in-family;Black;Male;0;0;45;United-States;>50K;ok;1,4988739490509033;2,3446127113103867;2,0;1,62;100,0;0,0
422;27;Private;211032;7th-8th;2;Never-married;Craft-repair;Not-in-family;White;Male;29184;0;40;Mexico;>50K;ok;0,9870195388793945;2,3446127113103867;2,0;1,62;100,0;0,0
423;20;Private;210444;Some-college;10;Never-married;Prof-specialty;Own-child;White;Male;61862;1328;25;United-States;>50K;ok;2,9022202491760254;2,3446127113103867;2,0;1,62;100,0;0,0
424;27;Private;158156;HS-grad;9;Never-married;Other-service;Not-in-family;White;Female;11209;0;42;United-States;>50K;ok;0,3260790705680847;2,3446127113103867;1,0;1,62;100,0;0,0
425;25;Private;460322;Bachelors;13;Never-married;Other-service;Own-child;Asian-Pac-Islander;Male;91224;0;43;United-States;>50K;ok;4,333012104034424;2,3446127113103867;2,0;1,62;100,0;0,0
426;32;Private;175856;Bachelors;13;Married-civ-spouse;Tech-support;Husband;White;Male;0;2157;38;United-States;<=50K;ok;0,4560064971446991;2,3446127113103867;2,0;1,62;100,0;0,0
427;33;Private;188467;HS-grad;9;Never-married;Farming-fishing;Not-in-family;White;Male;49449;0;40;United-States;>50K;ok;1,4385123252868652;2,3446127113103867;1,0;1,62;100,0;0,0
428;20;Private;188300;Some-college;10;Never-married;Handlers-cleaners;Own-child;White;Female;60671;0;40;United-States;>50K;ok;2,410644769668579;2,3446127113103867;2,0;1,62;100,0;0,0
429;32;Private;257863;Bachelors;13;Never-married;Adm-clerical;Not-in-family;Asian-Pac-Islander;Female;37123;0;50;United-States;>50K;ok;3,5914766788482666;2,3446127113103867;2,0;1,62;100,0;0,0
430;54;Local-gov;286342;Masters;14;Never-married;Prof-specialty;Not-in-family;White;Female;18754;0;32;United-States;>50K;ok;0,5455694198608398;2,3446127113103867;1,0;1,62;100,0;0,0
431;35;Federal-gov;963331;Some-college;10;Divorced;Adm-clerical;Not-in-family;White;Female;7907;0;50;United-States;>50K;ok;4,474707126617432;2,3446127113103867;2,0;1,62;100,0;0,0
432;23;Private;240137;5th-6th;3;Never-married;Handlers-cleaners;Not-in-family;White;Male;12096;0;55;Mexico;>50K;ok;0,3518826365470886;2,3446127113103867;1,0;1,62;100,0;0,0
433;19;Private;45381;7th-8th;10;Never-married;Adm-clerical;Own-child;White;Female;26449;0;8;United-States;>50K;ok;2,6320605278015137;2,3446127113103867;2,0;1,62;100,0;0,0
434;51;Private;245873;Some-college;10;Married-civ-spouse;Transport-moving;Wife;White;Female;0;0;71;United-States;<=50K;ok;3,6514904499053955;2,3446127113103867;2,0;1,62;100,0;0,0
435;24;Private;172232;HS-grad;9;Married-civ-spouse;Machine-op-inspct;Husband;White;Male;70115;0;42;United-States;>50K;ok;2,039703369140625;2,3446127113103867;1,0;1,62;100,0;0,0
436;44;Private;173704;Bachelors;1;Married-civ-spouse;Exec-managerial;Husband;Amer-Indian-Eskimo;Male;0;0;40;United-States;<=50K;ok;6,058313369750977;2,3446127113103867;2,0;1,62;100,0;0,0
437;49;Private;114797;Bachelors;13;Divorced;Exec-managerial;Unmarried;Black;Female;56806;0;40;United-States;>50K;ok;1,6525335311889648;2,3446127113103867;1,0;1,62;100,0;0,0
438;31;Private;191001;HS-grad;9;Never-married;Sales;Own-child;White;Female;90449;0;40;United-States;>50K;ok;2,90375018119812;2,3446127113103867;2,0;1,62;100,0;0,0
439;40;Private;227823;Assoc-acdm;12;Divorced;Adm-clerical;Own-child;White;Female;33220;0;70;United-States;>50K;ok;0,9663972854614258;2,3446127113103867;1,0;1,62;100,0;0,0
440;48;Self-emp-not-inc;121124;Some-college;10;Married-civ-spouse;Priv-house-serv;Husband;White;Male;41817;0;35;United-States;>50K;ok;1,238899827003479;2,3446127113103867;2,0;1,62;100,0;0,0
441;58;Private;439042;Bachelors;13;Divorced;Transport-moving;Not-in-family;White;Male;0;0;45;Jamaica;>50K;ok;2,5024242401123047;2,3446127113103867;2,0;1,62;100,0;0,0
442;62;Without-pay;24515;9th;2;Married-civ-spouse;Exec-managerial;Husband;White;Male;0;0;40;United-States;>50K;ok;3,0515074729919434;2,3446127113103867;2,0;1,62;100,0;0,0
443;30;Private;194901;HS-grad;9;Never-married;Sales;Other-relative;Black;Male;30238;0;40;United-States;>50K;ok;2,4470794200897217;2,3446127113103867;2,0;1,62;100,0;0,0
444;50;Private;361493;Bachelors;13;Never-married;Sales;Not-in-family;White;Male;96041;0;40;United-States;>50K;ok;3,210972309112549;2,3446127113103867;2,0;1,62;100,0;0,0
445;29;Private;393999;Bachelors;13;Never-married;Sales;Not-in-family;White;Female;80653;0;50;United-States;>50K;ok;2,702986478805542;2,3446127113103867;2,0;1,62;100,0;0,0
446;34;Local-gov;108247;Some-college;10;Married-civ-spouse;Exec-managerial;Husband;White;Male;69338;0;45;United-States;>50K;ok;2,0170998573303223;2,3446127113103867;1,0;1,62;100,0;0,0
447;29;Private;29974;HS-grad;9;Married-civ-spouse;Craft-repair;Husband;White;Male;92987;0;40;United-States;>50K;ok;2,705068588256836;2,3446127113103867;1,0;1,62;100,0;0,0
448;47;Self-emp-not-inc;576578;HS-grad;9;Married-civ-spouse;Farming-fishing;Husband;White;Male;0;0;60;United-States;>50K;ok;2,668522596359253;2,3446127113103867;2,0;1,62;100,0;0,0
449;62;Private;33282;9th;5;Widowed;Other-service;Unmarried;Black;Female;33570;0;25;United-States;>50K;ok;1,1907004117965698;2,3446127113103867;2,0;1,62;100,0;0,0
450;27;Private;109001;Some-college;10;Married-civ-spouse;Craft-repair;Husband;White;Male;21463;0;49;United-States;>50K;ok;0,6243764162063599;2,3446127113103867;1,0;1,62;100,0;0,0
451;35;Local-gov;246463;Bachelors;13;Divorced;Prof-specialty;Husband;White;Male;0;0;37;United-States;<=50K;ok;1,0424072742462158;2,3446127113103867;2,0;1,62;100,0;0,0
452;25;Self-emp-not-inc;113948;Assoc-voc;11;Married-civ-spouse;Other-service;Unmarried;White;Female;9950;0;45;United-States;>50K;ok;0,6788768172264099;2,3446127113103867;2,0;1,62;100,0;0,0
453;24;Private;261561;Bachelors;13;Never-married;Prof-specialty;Not-in-family;White;Female;81048;2670;40;United-States;>50K;ok;5,149294853210449;2,3446127113103867;2,0;1,62;100,0;0,0
454;46;Private;251786;1st-4th;2;Separated;Other-service;Other-relative;White;Female;53339;0;40;Mexico;>50K;ok;1,668768286705017;2,3446127113103867;2,0;1,62;100,0;0,0
455;61;Local-gov;335005;Bachelors;13;Never-married;Prof-specialty;Not-in-family;White;Male;43139;0;35;Italy;>50K;ok;2,8052425384521484;2,3446127113103867;2,0;1,62;100,0;0,0
456;58;Local-gov;188236;HS-grad;9;Married-civ-spouse;Adm-clerical;Wife;Black;Female;0;0;40;United-States;>50K;ok;2,750479221343994;2,3446127113103867;2,0;1,62;100,0;0,0
457;55;Self-emp-inc;79662;HS-grad;9;Married-civ-spouse;Transport-moving;Husband;White;Male;37293;0;60;United-States;>50K;ok;1,0848841667175293;2,3446127113103867;1,0;1,62;100,0;0,0
458;54;Self-emp-not-inc;190669;HS-grad;9;Married-civ-spouse;Craft-repair;Husband;White;Male;96780;0;35;United-States;>50K;ok;2,8885018825531006;2,3446127113103867;2,0;1,62;100,0;0,0
459;55;Self-emp-not-inc;954373;HS-grad;9;Married-civ-spouse;Farming-fishing;Husband;Asian-Pac-Islander;Male;0;0;70;United-States;>50K;ok;4,23160982131958;2,3446127113103867;1,0;1,62;100,0;0,0
460;26;Self-emp-not-inc;209146;HS-grad;9;Widowed;Transport-moving;Husband;White;Male;0;0;60;United-States;<=50K;ok;2,9144046306610107;2,3446127113103867;2,0;1,62;100,0;0,0
461;45;Private;101320;HS-grad;9;Divorced;Adm-clerical;Unmarried;White;Female;17386;0;40;United-States;>50K;ok;0,50577312707901;2,3446127113103867;1,0;1,62;100,0;0,0
462;18;;367984;Bachelors;13;Married-civ-spouse;;Husband;White;Male;0;2742;40;United-States;<=50K;ok;5,501461029052734;2,3446127113103867;2,0;1,62;100,0;0,0
463;35;Local-gov;72338;HS-grad;9;Divorced;Farming-fishing;Own-child;Asian-Pac-Islander;Male;35980;0;56;United-States;>50K;ok;1,0466879606246948;2,3446127113103867;1,0;1,62;100,0;0,0
464;53;Private;558446;HS-grad;9;Divorced;Other-service;Not-in-family;Black;Male;73741;0;40;United-States;>50K;ok;3,0597169399261475;2,3446127113103867;2,0;1,62;100,0;0,0
465;27;Private;210867;7th-8th;4;Never-married;Farming-fishing;Own-child;White;Male;73645;0;50;;>50K;ok;2,1423940658569336;2,3446127113103867;1,0;1,62;100,0;0,0
466;51;Private;1155266;Some-college;10;Divorced;Adm-clerical;Unmarried;White;Female;73762;0;40;United-States;>50K;ok;4,927272319793701;2,3446127113103867;2,0;1,62;100,0;0,0
467;49;Private;550361;HS-grad;9;Separated;Exec-managerial;Husband;White;Male;0;0;40;United-States;<=50K;ok;2,4514756202697754;2,3446127113103867;2,0;1,62;100,0;0,0
468;51;Without-pay;189551;HS-grad;9;Married-civ-spouse;Craft-repair;Own-child;Black;Male;0;0;40;United-States;>50K;ok;3,139603853225708;2,3446127113103867;2,0;1,62;100,0;0,0
469;24;Private;365707;Some-college;10;Married-civ-spouse;Craft-repair;Husband;White;Male;81386;0;40;United-States;>50K;ok;2,7802839279174805;2,3446127113103867;2,0;1,62;100,0;0,0
470;40;Private;171888;Bachelors;13;Married-civ-spouse;Prof-specialty;Other-relative;White;Female;0;0;24;Guatemala;<=50K;ok;3,9472427368164062;2,3446127113103867;2,0;1,62;100,0;0,0
471;27;;133359;Bachelors;13;Married-spouse-absent;;Not-in-family;White;Male;25703;225;50;;>50K;ok;0,8413712978363037;2,3446127113103867;2,0;1,62;100,0;0,0
472;33;Private;392812;Some-college;10;Married-civ-spouse;Handlers-cleaners;Husband;White;Male;42020;0;50;United-States;>50K;ok;1,2223966121673584;2,3446127113103867;1,0;1,62;100,0;0,0
473;46;Private;108699;Some-college;10;Widowed;Adm-clerical;Wife;White;Female;78055;0;60;United-States;>50K;ok;3,345064163208008;2,3446127113103867;2,0;1,62;100,0;0,0
474;63;Self-emp-not-inc;367752;7th-8th;4;Married-civ-spouse;Farming-fishing;Husband;White;Male;0;0;60;United-States;>50K;ok;1,0664660930633545;2,3446127113103867;1,0;1,62;100,0;0,0
475;55;Private;747163;Some-college;10;Married-civ-spouse;Sales;Husband;White;Male;0;0;40;United-States;>50K;ok;3,011321544647217;2,3446127113103867;2,0;1,62;100,0;0,0
476;33;Self-emp-not-inc;410960;HS-grad;9;Divorced;Craft-repair;Not-in-family;White;Male;0;2258;84;United-States;<=50K;ok;1,5585023164749146;2,3446127113103867;2,0;1,62;100,0;0,0
477;46;Private;122194;Some-college;10;Married-civ-spouse;Craft-repair;Wife;White;Female;649;0;40;United-States;<=50K;ok;0,19342488050460815;2,3446127113103867;1,0;1,62;100,0;0,0
478;51;Private;37465;Some-college;10;Married-civ-spouse;Handlers-cleaners;Husband;White;Male;0;0;40;United-States;<=50K;ok;0,5608600378036499;2,3446127113103867;1,0;1,62;100,0;0,0
479;30;Private;38378;1st-4th;2;Separated;Priv-house-serv;Other-relative;White;Female;7581;0;30;Mexico;>50K;ok;1,7524816989898682;2,3446127113103867;2,0;1,62;100,0;0,0
480;34;Private;429580;Bachelors;13;Divorced;Sales;Not-in-family;White;Female;0;0;40;United-States;>50K;ok;0,9799159169197083;2,3446127113103867;1,0;1,62;100,0;0,0
481;39;Private;802981;Bachelors;13;Divorced;Exec-managerial;Not-in-family;White;Male;0;0;50;United-States;>50K;ok;2,9240851402282715;2,3446127113103867;1,0;1,62;100,0;0,0
482;62;Federal-gov;271431;9th;5;Married-civ-spouse;Other-service;Husband;Black;Male;68153;0;42;United-States;>50K;ok;2,4517643451690674;2,3446127113103867;2,0;1,62;100,0;0,0
483;18;Private;238481;HS-grad;9;Separated;Handlers-cleaners;Husband;White;Male;0;1902;42;United-States;<=50K;ok;2,957122802734375;2,3446127113103867;2,0;1,62;100,0;0,0
484;30;Private;259058;Masters;7;Divorced;Prof-specialty;Unmarried;White;Male;37928;1726;40;United-States;>50K;ok;2,5708494186401367;2,3446127113103867;2,0;1,62;100,0;0,0
485;43;Private;169628;HS-grad;9;Married-civ-spouse;Machine-op-inspct;Wife;Black;Female;0;246;40;;<=50K;ok;0,44420865178108215;2,3446127113103867;2,0;1,62;100,0;0,0
486;21;Private;170456;Assoc-acdm;12;Never-married;Handlers-cleaners;Own-child;White;Male;86338;0;73;United-States;>50K;ok;4,52013635635376;2,3446127113103867;2,0;1,62;100,0;0,0
487;49;Private;188515;Some-college;10;Divorced;Adm-clerical;Unmarried;White;Female;98126;0;40;United-States;>50K;ok;2,8545665740966797;2,3446127113103867;1,0;1,62;100,0;0,0
488;73;Private;267408;HS-grad;9;Widowed;Sales;Other-relative;White;Female;81651;0;90;United-States;>50K;ok;5,4090471267700195;2,3446127113103867;2,0;1,62;100,0;0,0
489;42;Private;721751;Some-college;10;Married-civ-spouse;Craft-repair;Husband;White;Male;3103;0;45;United-States;>50K;ok;3,1082749366760254;2,3446127113103867;1,0;1,62;100,0;0,0
490;45;Private;815201;11th;7;Married-civ-spouse;Sales;Husband;White;Male;0;0;70;United-States;>50K;ok;3,4280717372894287;2,3446127113103867;1,0;1,62;100,0;0,0
491;31;Private;158545;Preschool;9;Married-civ-spouse;Adm-clerical;Wife;White;Female;27881;0;27;United-States;>50K;ok;0,9546110033988953;2,3446127113103867;2,0;1,62;100,0;0,0
492;48;Federal-gov;234504;HS-grad;12;Married-civ-spouse;Exec-managerial;Husband;White;Male;0;0;50;United-States;>50K;ok;1,7523361444473267;2,3446127113103867;2,0;1,62;100,0;0,0
493;40;State-gov;323790;Some-college;10;Married-civ-spouse;Other-service;Husband;White;Male;61675;0;40;United-States;>50K;ok;2,810663938522339;2,3446127113103867;2,0;1,62;100,0;0,0
494;18;Private;228921;Bachelors;13;Widowed;Prof-specialty;Not-in-family;White;Male;89351;2282;40;United-States;>50K;ok;4,40329647064209;2,3446127113103867;2,0;1,62;100,0;0,0
495;25;Private;257910;Bachelors;13;Never-married;Armed-Forces;Not-in-family;White;Male;30700;0;45;United-States;>50K;ok;2,078227996826172;2,3446127113103867;2,0;1,62;100,0;0,0
496;31;Private;137290;Bachelors;13;Married-civ-spouse;Transport-moving;Husband;White;Male;0;0;55;Iran;<=50K;ok;3,5153040885925293;2,3446127113103867;2,0;1,62;100,0;0,0
497;42;Private;27661;Assoc-acdm;12;Married-civ-spouse;Exec-managerial;Husband;White;Male;3820;0;50;Portugal;<=50K;ok;0,8785892128944397;2,3446127113103867;2,0;1,62;100,0;0,0
498;26;Private;258550;Bachelors;13;Never-married;Adm-clerical;Own-child;White;Male;24807;0;40;United-States;>50K;ok;0,7216561436653137;2,3446127113103867;1,0;1,62;100,0;0,0
499;59;Private;108929;Doctorate;11;Never-married;Prof-specialty;Not-in-family;White;Male;0;0;50;United-States;<=50K;ok;1,658600091934204;2,3446127113103867;1,0;1,62;100,0;0,0
